date,next_date,number,freq_7days,freq_prev_day,is_cau_ngang,is_cau_cheo,label
1-9-2025,2-9-2025,00,2,0,0,1,0.0
1-9-2025,2-9-2025,01,0,0,0,1,0.0
1-9-2025,2-9-2025,02,2,0,1,1,1.0
1-9-2025,2-9-2025,03,3,0,1,1,0.0
1-9-2025,2-9-2025,04,1,0,0,1,0.0
1-9-2025,2-9-2025,05,3,0,0,1,1.0
1-9-2025,2-9-2025,06,2,0,0,1,0.0
1-9-2025,2-9-2025,07,2,0,0,1,0.0
1-9-2025,2-9-2025,08,3,1,0,1,1.0
1-9-2025,2-9-2025,09,3,1,0,1,0.0
1-9-2025,2-9-2025,10,2,0,0,1,0.0
1-9-2025,2-9-2025,11,0,0,1,1,0.0
1-9-2025,2-9-2025,12,2,0,0,1,0.0
1-9-2025,2-9-2025,13,0,0,0,1,0.0
1-9-2025,2-9-2025,14,0,0,1,1,1.0
1-9-2025,2-9-2025,15,1,0,0,1,1.0
1-9-2025,2-9-2025,16,2,1,1,1,0.0
1-9-2025,2-9-2025,17,2,1,0,1,0.0
1-9-2025,2-9-2025,18,1,0,0,1,0.0
1-9-2025,2-9-2025,19,1,0,0,1,0.0
1-9-2025,2-9-2025,20,3,0,0,1,0.0
1-9-2025,2-9-2025,21,2,0,1,1,0.0
1-9-2025,2-9-2025,22,2,0,0,1,0.0
1-9-2025,2-9-2025,23,1,1,0,1,1.0
1-9-2025,2-9-2025,24,1,0,0,1,0.0
1-9-2025,2-9-2025,25,1,0,0,1,1.0
1-9-2025,2-9-2025,26,2,1,0,1,1.0
1-9-2025,2-9-2025,27,4,0,0,1,0.0
1-9-2025,2-9-2025,28,3,1,0,1,0.0
1-9-2025,2-9-2025,29,1,0,0,1,1.0
1-9-2025,2-9-2025,30,2,0,0,1,1.0
1-9-2025,2-9-2025,31,1,0,0,1,0.0
1-9-2025,2-9-2025,32,1,0,0,1,0.0
1-9-2025,2-9-2025,33,0,0,1,1,0.0
1-9-2025,2-9-2025,34,3,1,0,1,0.0
1-9-2025,2-9-2025,35,0,0,0,1,0.0
1-9-2025,2-9-2025,36,2,0,0,1,0.0
1-9-2025,2-9-2025,37,2,1,0,1,0.0
1-9-2025,2-9-2025,38,0,0,0,1,0.0
1-9-2025,2-9-2025,39,2,1,1,1,0.0
1-9-2025,2-9-2025,40,1,0,1,1,0.0
1-9-2025,2-9-2025,41,0,0,0,1,0.0
1-9-2025,2-9-2025,42,5,1,1,1,0.0
1-9-2025,2-9-2025,43,3,1,1,1,0.0
1-9-2025,2-9-2025,44,2,0,1,1,1.0
1-9-2025,2-9-2025,45,2,1,0,1,0.0
1-9-2025,2-9-2025,46,2,0,0,1,0.0
1-9-2025,2-9-2025,47,1,0,0,1,0.0
1-9-2025,2-9-2025,48,1,0,0,1,0.0
1-9-2025,2-9-2025,49,3,0,0,1,0.0
1-9-2025,2-9-2025,50,1,0,0,1,0.0
1-9-2025,2-9-2025,51,3,1,0,1,0.0
1-9-2025,2-9-2025,52,1,0,0,1,0.0
1-9-2025,2-9-2025,53,1,0,0,1,0.0
1-9-2025,2-9-2025,54,1,1,0,1,0.0
1-9-2025,2-9-2025,55,1,1,1,1,0.0
1-9-2025,2-9-2025,56,2,0,0,1,0.0
1-9-2025,2-9-2025,57,3,0,0,1,1.0
1-9-2025,2-9-2025,58,2,0,1,1,0.0
1-9-2025,2-9-2025,59,1,0,0,1,1.0
1-9-2025,2-9-2025,60,3,0,0,1,0.0
1-9-2025,2-9-2025,61,4,1,0,1,0.0
1-9-2025,2-9-2025,62,5,0,0,1,1.0
1-9-2025,2-9-2025,63,2,0,0,1,1.0
1-9-2025,2-9-2025,64,1,0,0,1,1.0
1-9-2025,2-9-2025,65,0,0,0,1,0.0
1-9-2025,2-9-2025,66,4,1,0,1,0.0
1-9-2025,2-9-2025,67,2,1,0,1,0.0
1-9-2025,2-9-2025,68,0,0,0,1,1.0
1-9-2025,2-9-2025,69,1,0,0,1,1.0
1-9-2025,2-9-2025,70,0,0,0,1,0.0
1-9-2025,2-9-2025,71,0,0,0,1,1.0
1-9-2025,2-9-2025,72,2,0,0,1,0.0
1-9-2025,2-9-2025,73,1,0,0,1,0.0
1-9-2025,2-9-2025,74,2,0,0,1,0.0
1-9-2025,2-9-2025,75,1,0,1,1,0.0
1-9-2025,2-9-2025,76,2,0,1,1,0.0
1-9-2025,2-9-2025,77,1,0,0,1,0.0
1-9-2025,2-9-2025,78,1,0,0,1,0.0
1-9-2025,2-9-2025,79,0,0,0,1,1.0
1-9-2025,2-9-2025,80,0,0,1,1,1.0
1-9-2025,2-9-2025,81,3,1,0,1,0.0
1-9-2025,2-9-2025,82,2,0,1,1,1.0
1-9-2025,2-9-2025,83,1,1,0,1,0.0
1-9-2025,2-9-2025,84,1,0,0,1,0.0
1-9-2025,2-9-2025,85,1,0,0,1,0.0
1-9-2025,2-9-2025,86,2,0,0,1,1.0
1-9-2025,2-9-2025,87,3,1,1,1,0.0
1-9-2025,2-9-2025,88,1,0,0,1,0.0
1-9-2025,2-9-2025,89,3,0,0,1,0.0
1-9-2025,2-9-2025,90,0,0,0,1,0.0
1-9-2025,2-9-2025,91,1,0,0,1,1.0
1-9-2025,2-9-2025,92,2,1,0,1,0.0
1-9-2025,2-9-2025,93,3,1,0,1,0.0
1-9-2025,2-9-2025,94,2,0,0,1,0.0
1-9-2025,2-9-2025,95,3,1,1,1,0.0
1-9-2025,2-9-2025,96,4,0,0,1,1.0
1-9-2025,2-9-2025,97,1,0,0,1,0.0
1-9-2025,2-9-2025,98,2,0,0,1,0.0
1-9-2025,2-9-2025,99,0,0,1,1,0.0
2-9-2025,3-9-2025,00,2,0,0,1,0.0
2-9-2025,3-9-2025,01,1,1,0,1,0.0
2-9-2025,3-9-2025,02,3,1,1,1,0.0
2-9-2025,3-9-2025,03,3,0,1,1,0.0
2-9-2025,3-9-2025,04,1,0,0,1,0.0
2-9-2025,3-9-2025,05,3,1,0,1,0.0
2-9-2025,3-9-2025,06,2,0,0,1,0.0
2-9-2025,3-9-2025,07,2,1,0,1,0.0
2-9-2025,3-9-2025,08,2,0,0,1,1.0
2-9-2025,3-9-2025,09,3,0,0,1,0.0
2-9-2025,3-9-2025,10,2,0,0,1,0.0
2-9-2025,3-9-2025,11,0,0,1,1,0.0
2-9-2025,3-9-2025,12,2,0,0,1,0.0
2-9-2025,3-9-2025,13,0,0,0,1,0.0
2-9-2025,3-9-2025,14,0,0,1,1,1.0
2-9-2025,3-9-2025,15,1,0,0,1,0.0
2-9-2025,3-9-2025,16,1,0,1,1,0.0
2-9-2025,3-9-2025,17,2,0,0,1,0.0
2-9-2025,3-9-2025,18,1,0,0,1,0.0
2-9-2025,3-9-2025,19,2,1,0,1,0.0
2-9-2025,3-9-2025,20,3,0,0,1,0.0
2-9-2025,3-9-2025,21,1,0,1,1,1.0
2-9-2025,3-9-2025,22,2,0,0,1,0.0
2-9-2025,3-9-2025,23,1,0,0,1,0.0
2-9-2025,3-9-2025,24,2,1,0,1,0.0
2-9-2025,3-9-2025,25,2,1,0,1,0.0
2-9-2025,3-9-2025,26,3,1,0,1,0.0
2-9-2025,3-9-2025,27,4,0,0,1,0.0
2-9-2025,3-9-2025,28,4,1,0,1,0.0
2-9-2025,3-9-2025,29,2,1,0,1,0.0
2-9-2025,3-9-2025,30,2,0,0,1,0.0
2-9-2025,3-9-2025,31,1,0,0,1,0.0
2-9-2025,3-9-2025,32,2,1,0,1,0.0
2-9-2025,3-9-2025,33,1,1,1,1,1.0
2-9-2025,3-9-2025,34,3,0,0,1,0.0
2-9-2025,3-9-2025,35,1,1,0,1,0.0
2-9-2025,3-9-2025,36,3,1,0,1,0.0
2-9-2025,3-9-2025,37,1,0,0,1,0.0
2-9-2025,3-9-2025,38,0,0,0,1,0.0
2-9-2025,3-9-2025,39,2,0,1,1,0.0
2-9-2025,3-9-2025,40,1,0,1,1,0.0
2-9-2025,3-9-2025,41,0,0,0,1,0.0
2-9-2025,3-9-2025,42,4,0,1,1,0.0
2-9-2025,3-9-2025,43,2,0,1,1,0.0
2-9-2025,3-9-2025,44,2,0,1,1,0.0
2-9-2025,3-9-2025,45,3,1,0,1,1.0
2-9-2025,3-9-2025,46,2,1,0,1,0.0
2-9-2025,3-9-2025,47,1,0,0,1,0.0
2-9-2025,3-9-2025,48,1,0,0,1,0.0
2-9-2025,3-9-2025,49,2,0,0,1,1.0
2-9-2025,3-9-2025,50,1,0,0,1,1.0
2-9-2025,3-9-2025,51,3,1,0,1,1.0
2-9-2025,3-9-2025,52,1,0,0,1,0.0
2-9-2025,3-9-2025,53,1,0,0,1,0.0
2-9-2025,3-9-2025,54,1,0,0,1,1.0
2-9-2025,3-9-2025,55,1,0,1,1,1.0
2-9-2025,3-9-2025,56,1,0,0,1,0.0
2-9-2025,3-9-2025,57,2,0,0,1,0.0
2-9-2025,3-9-2025,58,2,0,1,1,0.0
2-9-2025,3-9-2025,59,1,0,0,1,0.0
2-9-2025,3-9-2025,60,3,0,0,1,0.0
2-9-2025,3-9-2025,61,4,0,0,1,1.0
2-9-2025,3-9-2025,62,5,0,0,1,0.0
2-9-2025,3-9-2025,63,2,0,0,1,1.0
2-9-2025,3-9-2025,64,0,0,0,1,0.0
2-9-2025,3-9-2025,65,0,0,0,1,0.0
2-9-2025,3-9-2025,66,3,0,0,1,0.0
2-9-2025,3-9-2025,67,2,1,0,1,0.0
2-9-2025,3-9-2025,68,0,0,0,1,0.0
2-9-2025,3-9-2025,69,2,1,0,1,0.0
2-9-2025,3-9-2025,70,1,1,0,1,1.0
2-9-2025,3-9-2025,71,0,0,0,1,0.0
2-9-2025,3-9-2025,72,1,0,0,1,1.0
2-9-2025,3-9-2025,73,1,0,0,1,0.0
2-9-2025,3-9-2025,74,2,0,0,1,0.0
2-9-2025,3-9-2025,75,1,0,1,1,0.0
2-9-2025,3-9-2025,76,2,0,1,1,0.0
2-9-2025,3-9-2025,77,1,0,0,1,0.0
2-9-2025,3-9-2025,78,1,1,0,1,0.0
2-9-2025,3-9-2025,79,1,1,0,1,1.0
2-9-2025,3-9-2025,80,0,0,1,1,1.0
2-9-2025,3-9-2025,81,2,0,0,1,1.0
2-9-2025,3-9-2025,82,1,0,1,1,0.0
2-9-2025,3-9-2025,83,1,0,0,1,0.0
2-9-2025,3-9-2025,84,1,0,0,1,1.0
2-9-2025,3-9-2025,85,1,0,0,1,0.0
2-9-2025,3-9-2025,86,2,0,0,1,0.0
2-9-2025,3-9-2025,87,3,0,1,1,0.0
2-9-2025,3-9-2025,88,1,0,0,1,1.0
2-9-2025,3-9-2025,89,2,0,0,1,0.0
2-9-2025,3-9-2025,90,0,0,0,1,1.0
2-9-2025,3-9-2025,91,0,0,0,1,0.0
2-9-2025,3-9-2025,92,2,0,0,1,0.0
2-9-2025,3-9-2025,93,2,0,0,1,0.0
2-9-2025,3-9-2025,94,3,1,0,1,1.0
2-9-2025,3-9-2025,95,3,0,1,1,0.0
2-9-2025,3-9-2025,96,4,1,0,1,0.0
2-9-2025,3-9-2025,97,1,0,0,1,0.0
2-9-2025,3-9-2025,98,2,0,0,1,0.0
2-9-2025,3-9-2025,99,1,1,1,1,1.0
3-9-2025,4-9-2025,00,1,0,0,1,1.0
3-9-2025,4-9-2025,01,1,0,0,1,1.0
3-9-2025,4-9-2025,02,4,1,1,1,0.0
3-9-2025,4-9-2025,03,3,0,1,1,1.0
3-9-2025,4-9-2025,04,1,0,0,1,0.0
3-9-2025,4-9-2025,05,3,1,0,1,0.0
3-9-2025,4-9-2025,06,2,0,0,1,0.0
3-9-2025,4-9-2025,07,2,0,0,1,0.0
3-9-2025,4-9-2025,08,3,1,0,1,0.0
3-9-2025,4-9-2025,09,2,0,0,1,0.0
3-9-2025,4-9-2025,10,2,0,0,1,0.0
3-9-2025,4-9-2025,11,0,0,1,1,0.0
3-9-2025,4-9-2025,12,2,0,0,1,0.0
3-9-2025,4-9-2025,13,0,0,0,1,1.0
3-9-2025,4-9-2025,14,1,1,1,1,0.0
3-9-2025,4-9-2025,15,1,1,0,1,0.0
3-9-2025,4-9-2025,16,1,0,1,1,1.0
3-9-2025,4-9-2025,17,2,0,0,1,0.0
3-9-2025,4-9-2025,18,1,0,0,1,0.0
3-9-2025,4-9-2025,19,2,0,0,1,1.0
3-9-2025,4-9-2025,20,3,0,0,1,0.0
3-9-2025,4-9-2025,21,1,0,1,1,0.0
3-9-2025,4-9-2025,22,2,0,0,1,0.0
3-9-2025,4-9-2025,23,2,1,0,1,0.0
3-9-2025,4-9-2025,24,2,0,0,1,0.0
3-9-2025,4-9-2025,25,3,1,0,1,0.0
3-9-2025,4-9-2025,26,3,1,0,1,0.0
3-9-2025,4-9-2025,27,3,0,0,1,0.0
3-9-2025,4-9-2025,28,3,0,0,1,0.0
3-9-2025,4-9-2025,29,3,1,0,1,0.0
3-9-2025,4-9-2025,30,3,1,0,1,1.0
3-9-2025,4-9-2025,31,1,0,0,1,0.0
3-9-2025,4-9-2025,32,2,0,0,1,0.0
3-9-2025,4-9-2025,33,1,0,1,1,1.0
3-9-2025,4-9-2025,34,3,0,0,1,0.0
3-9-2025,4-9-2025,35,1,0,0,1,0.0
3-9-2025,4-9-2025,36,3,0,0,1,0.0
3-9-2025,4-9-2025,37,1,0,0,1,1.0
3-9-2025,4-9-2025,38,0,0,0,1,0.0
3-9-2025,4-9-2025,39,2,0,1,1,0.0
3-9-2025,4-9-2025,40,1,0,1,1,1.0
3-9-2025,4-9-2025,41,0,0,0,1,0.0
3-9-2025,4-9-2025,42,3,0,1,1,0.0
3-9-2025,4-9-2025,43,2,0,1,1,1.0
3-9-2025,4-9-2025,44,2,1,1,1,0.0
3-9-2025,4-9-2025,45,3,0,0,1,1.0
3-9-2025,4-9-2025,46,2,0,0,1,0.0
3-9-2025,4-9-2025,47,1,0,0,1,0.0
3-9-2025,4-9-2025,48,1,0,0,1,0.0
3-9-2025,4-9-2025,49,1,0,0,1,0.0
3-9-2025,4-9-2025,50,1,0,0,1,0.0
3-9-2025,4-9-2025,51,3,0,0,1,1.0
3-9-2025,4-9-2025,52,1,0,0,1,1.0
3-9-2025,4-9-2025,53,1,0,0,1,0.0
3-9-2025,4-9-2025,54,1,0,0,1,1.0
3-9-2025,4-9-2025,55,1,0,1,1,0.0
3-9-2025,4-9-2025,56,1,0,0,1,0.0
3-9-2025,4-9-2025,57,3,1,0,1,0.0
3-9-2025,4-9-2025,58,1,0,1,1,0.0
3-9-2025,4-9-2025,59,1,1,0,1,0.0
3-9-2025,4-9-2025,60,2,0,0,1,0.0
3-9-2025,4-9-2025,61,3,0,0,1,0.0
3-9-2025,4-9-2025,62,5,1,0,1,0.0
3-9-2025,4-9-2025,63,3,1,0,1,0.0
3-9-2025,4-9-2025,64,1,1,0,1,0.0
3-9-2025,4-9-2025,65,0,0,0,1,0.0
3-9-2025,4-9-2025,66,2,0,0,1,0.0
3-9-2025,4-9-2025,67,2,0,0,1,0.0
3-9-2025,4-9-2025,68,1,1,0,1,1.0
3-9-2025,4-9-2025,69,3,1,0,1,1.0
3-9-2025,4-9-2025,70,1,0,0,1,1.0
3-9-2025,4-9-2025,71,1,1,0,1,0.0
3-9-2025,4-9-2025,72,1,0,0,1,0.0
3-9-2025,4-9-2025,73,1,0,0,1,0.0
3-9-2025,4-9-2025,74,1,0,0,1,0.0
3-9-2025,4-9-2025,75,1,0,1,1,0.0
3-9-2025,4-9-2025,76,1,0,1,1,0.0
3-9-2025,4-9-2025,77,1,0,0,1,0.0
3-9-2025,4-9-2025,78,1,0,0,1,0.0
3-9-2025,4-9-2025,79,2,1,0,1,0.0
3-9-2025,4-9-2025,80,1,1,1,1,1.0
3-9-2025,4-9-2025,81,1,0,0,1,0.0
3-9-2025,4-9-2025,82,2,1,1,1,0.0
3-9-2025,4-9-2025,83,1,0,0,1,1.0
3-9-2025,4-9-2025,84,1,0,0,1,0.0
3-9-2025,4-9-2025,85,1,0,0,1,0.0
3-9-2025,4-9-2025,86,2,1,0,1,0.0
3-9-2025,4-9-2025,87,3,0,1,1,0.0
3-9-2025,4-9-2025,88,1,0,0,1,1.0
3-9-2025,4-9-2025,89,2,0,0,1,0.0
3-9-2025,4-9-2025,90,0,0,0,1,0.0
3-9-2025,4-9-2025,91,1,1,0,1,0.0
3-9-2025,4-9-2025,92,2,0,0,1,1.0
3-9-2025,4-9-2025,93,2,0,0,1,0.0
3-9-2025,4-9-2025,94,2,0,0,1,0.0
3-9-2025,4-9-2025,95,2,0,1,1,0.0
3-9-2025,4-9-2025,96,4,1,0,1,0.0
3-9-2025,4-9-2025,97,1,0,0,1,0.0
3-9-2025,4-9-2025,98,1,0,0,1,0.0
3-9-2025,4-9-2025,99,1,0,1,1,0.0
4-9-2025,5-9-2025,00,0,0,0,1,0.0
4-9-2025,5-9-2025,01,1,0,0,1,0.0
4-9-2025,5-9-2025,02,4,0,1,1,0.0
4-9-2025,5-9-2025,03,3,0,1,1,0.0
4-9-2025,5-9-2025,04,1,0,0,1,0.0
4-9-2025,5-9-2025,05,3,0,0,1,0.0
4-9-2025,5-9-2025,06,1,0,0,1,1.0
4-9-2025,5-9-2025,07,2,0,0,1,0.0
4-9-2025,5-9-2025,08,4,1,0,1,0.0
4-9-2025,5-9-2025,09,2,0,0,1,0.0
4-9-2025,5-9-2025,10,2,0,0,1,0.0
4-9-2025,5-9-2025,11,0,0,1,1,1.0
4-9-2025,5-9-2025,12,1,0,0,1,1.0
4-9-2025,5-9-2025,13,0,0,0,1,0.0
4-9-2025,5-9-2025,14,2,1,1,1,0.0
4-9-2025,5-9-2025,15,1,0,0,1,0.0
4-9-2025,5-9-2025,16,1,0,1,1,0.0
4-9-2025,5-9-2025,17,2,0,0,1,1.0
4-9-2025,5-9-2025,18,1,0,0,1,1.0
4-9-2025,5-9-2025,19,2,0,0,1,0.0
4-9-2025,5-9-2025,20,2,0,0,1,0.0
4-9-2025,5-9-2025,21,1,1,1,1,0.0
4-9-2025,5-9-2025,22,1,0,0,1,0.0
4-9-2025,5-9-2025,23,2,0,0,1,0.0
4-9-2025,5-9-2025,24,1,0,0,1,0.0
4-9-2025,5-9-2025,25,2,0,0,1,1.0
4-9-2025,5-9-2025,26,3,0,0,1,0.0
4-9-2025,5-9-2025,27,2,0,0,1,1.0
4-9-2025,5-9-2025,28,2,0,0,1,0.0
4-9-2025,5-9-2025,29,2,0,0,1,0.0
4-9-2025,5-9-2025,30,3,0,0,1,0.0
4-9-2025,5-9-2025,31,1,0,0,1,0.0
4-9-2025,5-9-2025,32,2,0,0,1,1.0
4-9-2025,5-9-2025,33,2,1,1,1,0.0
4-9-2025,5-9-2025,34,3,0,0,1,0.0
4-9-2025,5-9-2025,35,1,0,0,1,0.0
4-9-2025,5-9-2025,36,3,0,0,1,0.0
4-9-2025,5-9-2025,37,1,0,0,1,1.0
4-9-2025,5-9-2025,38,0,0,0,1,1.0
4-9-2025,5-9-2025,39,2,0,1,1,0.0
4-9-2025,5-9-2025,40,1,0,1,1,0.0
4-9-2025,5-9-2025,41,0,0,0,1,0.0
4-9-2025,5-9-2025,42,3,0,1,1,0.0
4-9-2025,5-9-2025,43,1,0,1,1,0.0
4-9-2025,5-9-2025,44,2,0,1,1,0.0
4-9-2025,5-9-2025,45,4,1,0,1,1.0
4-9-2025,5-9-2025,46,2,0,0,1,0.0
4-9-2025,5-9-2025,47,0,0,0,1,1.0
4-9-2025,5-9-2025,48,1,0,0,1,0.0
4-9-2025,5-9-2025,49,2,1,0,1,0.0
4-9-2025,5-9-2025,50,1,1,0,1,0.0
4-9-2025,5-9-2025,51,4,1,0,1,0.0
4-9-2025,5-9-2025,52,0,0,0,1,0.0
4-9-2025,5-9-2025,53,0,0,0,1,0.0
4-9-2025,5-9-2025,54,2,1,0,1,0.0
4-9-2025,5-9-2025,55,2,1,1,1,0.0
4-9-2025,5-9-2025,56,1,0,0,1,0.0
4-9-2025,5-9-2025,57,3,0,0,1,0.0
4-9-2025,5-9-2025,58,1,0,1,1,1.0
4-9-2025,5-9-2025,59,1,0,0,1,0.0
4-9-2025,5-9-2025,60,1,0,0,1,0.0
4-9-2025,5-9-2025,61,4,1,0,1,0.0
4-9-2025,5-9-2025,62,4,0,0,1,0.0
4-9-2025,5-9-2025,63,3,1,0,1,0.0
4-9-2025,5-9-2025,64,1,0,0,1,0.0
4-9-2025,5-9-2025,65,0,0,0,1,1.0
4-9-2025,5-9-2025,66,2,0,0,1,1.0
4-9-2025,5-9-2025,67,2,0,0,1,0.0
4-9-2025,5-9-2025,68,1,0,0,1,0.0
4-9-2025,5-9-2025,69,3,0,0,1,0.0
4-9-2025,5-9-2025,70,2,1,0,1,1.0
4-9-2025,5-9-2025,71,1,0,0,1,0.0
4-9-2025,5-9-2025,72,1,1,0,1,0.0
4-9-2025,5-9-2025,73,1,0,0,1,0.0
4-9-2025,5-9-2025,74,1,0,0,1,0.0
4-9-2025,5-9-2025,75,1,0,1,1,1.0
4-9-2025,5-9-2025,76,1,0,1,1,0.0
4-9-2025,5-9-2025,77,1,0,0,1,0.0
4-9-2025,5-9-2025,78,1,0,0,1,1.0
4-9-2025,5-9-2025,79,3,1,0,1,0.0
4-9-2025,5-9-2025,80,2,1,1,1,0.0
4-9-2025,5-9-2025,81,2,1,0,1,0.0
4-9-2025,5-9-2025,82,2,0,1,1,0.0
4-9-2025,5-9-2025,83,1,0,0,1,0.0
4-9-2025,5-9-2025,84,2,1,0,1,0.0
4-9-2025,5-9-2025,85,0,0,0,1,0.0
4-9-2025,5-9-2025,86,2,0,0,1,0.0
4-9-2025,5-9-2025,87,2,0,1,1,0.0
4-9-2025,5-9-2025,88,2,1,0,1,0.0
4-9-2025,5-9-2025,89,1,0,0,1,0.0
4-9-2025,5-9-2025,90,1,1,0,1,0.0
4-9-2025,5-9-2025,91,1,0,0,1,1.0
4-9-2025,5-9-2025,92,2,0,0,1,0.0
4-9-2025,5-9-2025,93,2,0,0,1,0.0
4-9-2025,5-9-2025,94,2,1,0,1,1.0
4-9-2025,5-9-2025,95,2,0,1,1,1.0
4-9-2025,5-9-2025,96,3,0,0,1,0.0
4-9-2025,5-9-2025,97,1,0,0,1,1.0
4-9-2025,5-9-2025,98,1,0,0,1,1.0
4-9-2025,5-9-2025,99,2,1,1,1,0.0
5-9-2025,6-9-2025,00,1,1,0,1,0.0
5-9-2025,6-9-2025,01,2,1,0,1,0.0
5-9-2025,6-9-2025,02,3,0,1,1,0.0
5-9-2025,6-9-2025,03,3,1,1,1,1.0
5-9-2025,6-9-2025,04,1,0,0,1,0.0
5-9-2025,6-9-2025,05,2,0,0,1,1.0
5-9-2025,6-9-2025,06,0,0,0,1,0.0
5-9-2025,6-9-2025,07,2,0,0,1,0.0
5-9-2025,6-9-2025,08,4,0,0,1,1.0
5-9-2025,6-9-2025,09,1,0,0,1,1.0
5-9-2025,6-9-2025,10,1,0,0,1,0.0
5-9-2025,6-9-2025,11,0,0,1,1,1.0
5-9-2025,6-9-2025,12,1,0,0,1,0.0
5-9-2025,6-9-2025,13,1,1,0,1,1.0
5-9-2025,6-9-2025,14,2,0,1,1,0.0
5-9-2025,6-9-2025,15,1,0,0,1,1.0
5-9-2025,6-9-2025,16,2,1,1,1,0.0
5-9-2025,6-9-2025,17,1,0,0,1,0.0
5-9-2025,6-9-2025,18,1,0,0,1,0.0
5-9-2025,6-9-2025,19,2,1,0,1,0.0
5-9-2025,6-9-2025,20,2,0,0,1,0.0
5-9-2025,6-9-2025,21,1,0,1,1,0.0
5-9-2025,6-9-2025,22,1,0,0,1,0.0
5-9-2025,6-9-2025,23,2,0,0,1,1.0
5-9-2025,6-9-2025,24,1,0,0,1,0.0
5-9-2025,6-9-2025,25,2,0,0,1,0.0
5-9-2025,6-9-2025,26,3,0,0,1,0.0
5-9-2025,6-9-2025,27,2,0,0,1,0.0
5-9-2025,6-9-2025,28,2,0,0,1,0.0
5-9-2025,6-9-2025,29,2,0,0,1,0.0
5-9-2025,6-9-2025,30,3,1,0,1,0.0
5-9-2025,6-9-2025,31,1,0,0,1,1.0
5-9-2025,6-9-2025,32,2,0,0,1,0.0
5-9-2025,6-9-2025,33,3,1,1,1,0.0
5-9-2025,6-9-2025,34,2,0,0,1,0.0
5-9-2025,6-9-2025,35,1,0,0,1,1.0
5-9-2025,6-9-2025,36,3,0,0,1,0.0
5-9-2025,6-9-2025,37,2,1,0,1,0.0
5-9-2025,6-9-2025,38,0,0,0,1,0.0
5-9-2025,6-9-2025,39,2,0,1,1,0.0
5-9-2025,6-9-2025,40,2,1,1,1,0.0
5-9-2025,6-9-2025,41,0,0,0,1,0.0
5-9-2025,6-9-2025,42,2,0,1,1,0.0
5-9-2025,6-9-2025,43,2,1,1,1,0.0
5-9-2025,6-9-2025,44,2,0,1,1,0.0
5-9-2025,6-9-2025,45,4,1,0,1,0.0
5-9-2025,6-9-2025,46,2,0,0,1,0.0
5-9-2025,6-9-2025,47,0,0,0,1,0.0
5-9-2025,6-9-2025,48,1,0,0,1,0.0
5-9-2025,6-9-2025,49,2,0,0,1,0.0
5-9-2025,6-9-2025,50,1,0,0,1,0.0
5-9-2025,6-9-2025,51,5,1,0,1,0.0
5-9-2025,6-9-2025,52,1,1,0,1,0.0
5-9-2025,6-9-2025,53,0,0,0,1,1.0
5-9-2025,6-9-2025,54,3,1,0,1,0.0
5-9-2025,6-9-2025,55,2,0,1,1,1.0
5-9-2025,6-9-2025,56,0,0,0,1,0.0
5-9-2025,6-9-2025,57,3,0,0,1,0.0
5-9-2025,6-9-2025,58,0,0,1,1,0.0
5-9-2025,6-9-2025,59,1,0,0,1,0.0
5-9-2025,6-9-2025,60,1,0,0,1,0.0
5-9-2025,6-9-2025,61,3,0,0,1,0.0
5-9-2025,6-9-2025,62,3,0,0,1,1.0
5-9-2025,6-9-2025,63,3,0,0,1,0.0
5-9-2025,6-9-2025,64,1,0,0,1,1.0
5-9-2025,6-9-2025,65,0,0,0,1,0.0
5-9-2025,6-9-2025,66,2,0,0,1,0.0
5-9-2025,6-9-2025,67,2,0,0,1,1.0
5-9-2025,6-9-2025,68,2,1,0,1,0.0
5-9-2025,6-9-2025,69,4,1,0,1,1.0
5-9-2025,6-9-2025,70,3,1,0,1,0.0
5-9-2025,6-9-2025,71,1,0,0,1,0.0
5-9-2025,6-9-2025,72,1,0,0,1,0.0
5-9-2025,6-9-2025,73,1,0,0,1,1.0
5-9-2025,6-9-2025,74,1,0,0,1,0.0
5-9-2025,6-9-2025,75,1,0,1,1,0.0
5-9-2025,6-9-2025,76,0,0,1,1,0.0
5-9-2025,6-9-2025,77,1,0,0,1,0.0
5-9-2025,6-9-2025,78,1,0,0,1,0.0
5-9-2025,6-9-2025,79,3,0,0,1,0.0
5-9-2025,6-9-2025,80,3,1,1,1,1.0
5-9-2025,6-9-2025,81,2,0,0,1,0.0
5-9-2025,6-9-2025,82,2,0,1,1,0.0
5-9-2025,6-9-2025,83,2,1,0,1,0.0
5-9-2025,6-9-2025,84,1,0,0,1,1.0
5-9-2025,6-9-2025,85,0,0,0,1,0.0
5-9-2025,6-9-2025,86,2,0,0,1,0.0
5-9-2025,6-9-2025,87,2,0,1,1,0.0
5-9-2025,6-9-2025,88,3,1,0,1,0.0
5-9-2025,6-9-2025,89,0,0,0,1,0.0
5-9-2025,6-9-2025,90,1,0,0,1,0.0
5-9-2025,6-9-2025,91,1,0,0,1,0.0
5-9-2025,6-9-2025,92,2,1,0,1,0.0
5-9-2025,6-9-2025,93,2,0,0,1,1.0
5-9-2025,6-9-2025,94,2,0,0,1,0.0
5-9-2025,6-9-2025,95,2,0,1,1,0.0
5-9-2025,6-9-2025,96,2,0,0,1,1.0
5-9-2025,6-9-2025,97,0,0,0,1,0.0
5-9-2025,6-9-2025,98,0,0,0,1,0.0
5-9-2025,6-9-2025,99,2,0,1,1,0.0
6-9-2025,7-9-2025,00,1,0,0,1,1.0
6-9-2025,7-9-2025,01,2,0,0,1,1.0
6-9-2025,7-9-2025,02,3,0,1,1,0.0
6-9-2025,7-9-2025,03,2,0,1,1,0.0
6-9-2025,7-9-2025,04,1,0,0,1,0.0
6-9-2025,7-9-2025,05,2,0,0,1,0.0
6-9-2025,7-9-2025,06,1,1,0,1,0.0
6-9-2025,7-9-2025,07,1,0,0,1,0.0
6-9-2025,7-9-2025,08,3,0,0,1,0.0
6-9-2025,7-9-2025,09,1,0,0,1,1.0
6-9-2025,7-9-2025,10,1,0,0,1,0.0
6-9-2025,7-9-2025,11,1,1,1,1,0.0
6-9-2025,7-9-2025,12,1,1,0,1,0.0
6-9-2025,7-9-2025,13,1,0,0,1,0.0
6-9-2025,7-9-2025,14,2,0,1,1,0.0
6-9-2025,7-9-2025,15,1,0,0,1,0.0
6-9-2025,7-9-2025,16,2,0,1,1,0.0
6-9-2025,7-9-2025,17,2,1,0,1,0.0
6-9-2025,7-9-2025,18,2,1,0,1,0.0
6-9-2025,7-9-2025,19,2,0,0,1,1.0
6-9-2025,7-9-2025,20,1,0,0,1,0.0
6-9-2025,7-9-2025,21,1,0,1,1,0.0
6-9-2025,7-9-2025,22,0,0,0,1,0.0
6-9-2025,7-9-2025,23,2,0,0,1,0.0
6-9-2025,7-9-2025,24,1,0,0,1,1.0
6-9-2025,7-9-2025,25,3,1,0,1,0.0
6-9-2025,7-9-2025,26,3,0,0,1,0.0
6-9-2025,7-9-2025,27,2,1,0,1,0.0
6-9-2025,7-9-2025,28,2,0,0,1,0.0
6-9-2025,7-9-2025,29,2,0,0,1,0.0
6-9-2025,7-9-2025,30,3,0,0,1,0.0
6-9-2025,7-9-2025,31,1,0,0,1,0.0
6-9-2025,7-9-2025,32,3,1,0,1,1.0
6-9-2025,7-9-2025,33,3,0,1,1,0.0
6-9-2025,7-9-2025,34,2,0,0,1,0.0
6-9-2025,7-9-2025,35,1,0,0,1,0.0
6-9-2025,7-9-2025,36,2,0,0,1,1.0
6-9-2025,7-9-2025,37,3,1,0,1,1.0
6-9-2025,7-9-2025,38,1,1,0,1,0.0
6-9-2025,7-9-2025,39,2,0,1,1,0.0
6-9-2025,7-9-2025,40,1,0,1,1,1.0
6-9-2025,7-9-2025,41,0,0,0,1,0.0
6-9-2025,7-9-2025,42,2,0,1,1,0.0
6-9-2025,7-9-2025,43,2,0,1,1,0.0
6-9-2025,7-9-2025,44,1,0,1,1,0.0
6-9-2025,7-9-2025,45,5,1,0,1,0.0
6-9-2025,7-9-2025,46,2,0,0,1,1.0
6-9-2025,7-9-2025,47,1,1,0,1,0.0
6-9-2025,7-9-2025,48,0,0,0,1,1.0
6-9-2025,7-9-2025,49,2,0,0,1,0.0
6-9-2025,7-9-2025,50,1,0,0,1,0.0
6-9-2025,7-9-2025,51,4,0,0,1,0.0
6-9-2025,7-9-2025,52,1,0,0,1,0.0
6-9-2025,7-9-2025,53,0,0,0,1,1.0
6-9-2025,7-9-2025,54,3,0,0,1,1.0
6-9-2025,7-9-2025,55,2,0,1,1,1.0
6-9-2025,7-9-2025,56,0,0,0,1,1.0
6-9-2025,7-9-2025,57,2,0,0,1,1.0
6-9-2025,7-9-2025,58,1,1,1,1,1.0
6-9-2025,7-9-2025,59,1,0,0,1,0.0
6-9-2025,7-9-2025,60,1,0,0,1,0.0
6-9-2025,7-9-2025,61,2,0,0,1,0.0
6-9-2025,7-9-2025,62,2,0,0,1,1.0
6-9-2025,7-9-2025,63,2,0,0,1,0.0
6-9-2025,7-9-2025,64,1,0,0,1,0.0
6-9-2025,7-9-2025,65,1,1,0,1,0.0
6-9-2025,7-9-2025,66,3,1,0,1,0.0
6-9-2025,7-9-2025,67,2,0,0,1,0.0
6-9-2025,7-9-2025,68,2,0,0,1,1.0
6-9-2025,7-9-2025,69,4,0,0,1,1.0
6-9-2025,7-9-2025,70,4,1,0,1,0.0
6-9-2025,7-9-2025,71,1,0,0,1,0.0
6-9-2025,7-9-2025,72,1,0,0,1,0.0
6-9-2025,7-9-2025,73,1,0,0,1,0.0
6-9-2025,7-9-2025,74,0,0,0,1,0.0
6-9-2025,7-9-2025,75,2,1,1,1,0.0
6-9-2025,7-9-2025,76,0,0,1,1,0.0
6-9-2025,7-9-2025,77,0,0,0,1,1.0
6-9-2025,7-9-2025,78,2,1,0,1,0.0
6-9-2025,7-9-2025,79,3,0,0,1,0.0
6-9-2025,7-9-2025,80,3,0,1,1,0.0
6-9-2025,7-9-2025,81,2,0,0,1,0.0
6-9-2025,7-9-2025,82,1,0,1,1,0.0
6-9-2025,7-9-2025,83,2,0,0,1,1.0
6-9-2025,7-9-2025,84,1,0,0,1,0.0
6-9-2025,7-9-2025,85,0,0,0,1,0.0
6-9-2025,7-9-2025,86,2,0,0,1,0.0
6-9-2025,7-9-2025,87,2,0,1,1,0.0
6-9-2025,7-9-2025,88,2,0,0,1,1.0
6-9-2025,7-9-2025,89,0,0,0,1,0.0
6-9-2025,7-9-2025,90,1,0,0,1,0.0
6-9-2025,7-9-2025,91,2,1,0,1,0.0
6-9-2025,7-9-2025,92,2,0,0,1,0.0
6-9-2025,7-9-2025,93,1,0,0,1,0.0
6-9-2025,7-9-2025,94,3,1,0,1,0.0
6-9-2025,7-9-2025,95,2,1,1,1,0.0
6-9-2025,7-9-2025,96,2,0,0,1,0.0
6-9-2025,7-9-2025,97,1,1,0,1,1.0
6-9-2025,7-9-2025,98,1,1,0,1,1.0
6-9-2025,7-9-2025,99,2,0,1,1,0.0
7-9-2025,8-9-2025,00,1,0,0,1,0.0
7-9-2025,8-9-2025,01,2,0,0,1,0.0
7-9-2025,8-9-2025,02,2,0,1,1,0.0
7-9-2025,8-9-2025,03,2,1,1,1,0.0
7-9-2025,8-9-2025,04,0,0,0,1,0.0
7-9-2025,8-9-2025,05,3,1,0,1,0.0
7-9-2025,8-9-2025,06,1,0,0,1,0.0
7-9-2025,8-9-2025,07,1,0,0,1,0.0
7-9-2025,8-9-2025,08,4,1,0,1,0.0
7-9-2025,8-9-2025,09,2,1,0,1,0.0
7-9-2025,8-9-2025,10,0,0,0,1,0.0
7-9-2025,8-9-2025,11,2,1,1,1,1.0
7-9-2025,8-9-2025,12,1,0,0,1,1.0
7-9-2025,8-9-2025,13,2,1,0,1,1.0
7-9-2025,8-9-2025,14,2,0,1,1,1.0
7-9-2025,8-9-2025,15,2,1,0,1,0.0
7-9-2025,8-9-2025,16,2,0,1,1,0.0
7-9-2025,8-9-2025,17,2,0,0,1,1.0
7-9-2025,8-9-2025,18,1,0,0,1,0.0
7-9-2025,8-9-2025,19,2,0,0,1,0.0
7-9-2025,8-9-2025,20,0,0,0,1,1.0
7-9-2025,8-9-2025,21,1,0,1,1,0.0
7-9-2025,8-9-2025,22,0,0,0,1,0.0
7-9-2025,8-9-2025,23,3,1,0,1,0.0
7-9-2025,8-9-2025,24,1,0,0,1,1.0
7-9-2025,8-9-2025,25,3,0,0,1,0.0
7-9-2025,8-9-2025,26,3,0,0,1,1.0
7-9-2025,8-9-2025,27,1,0,0,1,0.0
7-9-2025,8-9-2025,28,2,0,0,1,0.0
7-9-2025,8-9-2025,29,2,0,0,1,0.0
7-9-2025,8-9-2025,30,2,0,0,1,0.0
7-9-2025,8-9-2025,31,1,1,0,1,0.0
7-9-2025,8-9-2025,32,2,0,0,1,1.0
7-9-2025,8-9-2025,33,3,0,1,1,0.0
7-9-2025,8-9-2025,34,1,0,0,1,1.0
7-9-2025,8-9-2025,35,2,1,0,1,0.0
7-9-2025,8-9-2025,36,1,0,0,1,0.0
7-9-2025,8-9-2025,37,3,0,0,1,1.0
7-9-2025,8-9-2025,38,1,0,0,1,0.0
7-9-2025,8-9-2025,39,1,0,1,1,1.0
7-9-2025,8-9-2025,40,1,0,1,1,0.0
7-9-2025,8-9-2025,41,0,0,0,1,0.0
7-9-2025,8-9-2025,42,1,0,1,1,1.0
7-9-2025,8-9-2025,43,2,0,1,1,0.0
7-9-2025,8-9-2025,44,1,0,1,1,0.0
7-9-2025,8-9-2025,45,5,0,0,1,0.0
7-9-2025,8-9-2025,46,1,0,0,1,0.0
7-9-2025,8-9-2025,47,1,0,0,1,0.0
7-9-2025,8-9-2025,48,0,0,0,1,0.0
7-9-2025,8-9-2025,49,1,0,0,1,0.0
7-9-2025,8-9-2025,50,1,0,0,1,0.0
7-9-2025,8-9-2025,51,4,0,0,1,0.0
7-9-2025,8-9-2025,52,1,0,0,1,1.0
7-9-2025,8-9-2025,53,1,1,0,1,0.0
7-9-2025,8-9-2025,54,3,0,0,1,0.0
7-9-2025,8-9-2025,55,3,1,1,1,0.0
7-9-2025,8-9-2025,56,0,0,0,1,0.0
7-9-2025,8-9-2025,57,1,0,0,1,0.0
7-9-2025,8-9-2025,58,1,0,1,1,0.0
7-9-2025,8-9-2025,59,1,0,0,1,0.0
7-9-2025,8-9-2025,60,0,0,0,1,0.0
7-9-2025,8-9-2025,61,2,0,0,1,0.0
7-9-2025,8-9-2025,62,2,1,0,1,0.0
7-9-2025,8-9-2025,63,2,0,0,1,1.0
7-9-2025,8-9-2025,64,2,1,0,1,0.0
7-9-2025,8-9-2025,65,1,0,0,1,1.0
7-9-2025,8-9-2025,66,2,0,0,1,0.0
7-9-2025,8-9-2025,67,3,1,0,1,0.0
7-9-2025,8-9-2025,68,2,0,0,1,1.0
7-9-2025,8-9-2025,69,4,1,0,1,1.0
7-9-2025,8-9-2025,70,4,0,0,1,0.0
7-9-2025,8-9-2025,71,1,0,0,1,1.0
7-9-2025,8-9-2025,72,1,0,0,1,0.0
7-9-2025,8-9-2025,73,1,1,0,1,0.0
7-9-2025,8-9-2025,74,0,0,0,1,1.0
7-9-2025,8-9-2025,75,1,0,1,1,0.0
7-9-2025,8-9-2025,76,0,0,1,1,0.0
7-9-2025,8-9-2025,77,0,0,0,1,0.0
7-9-2025,8-9-2025,78,2,0,0,1,0.0
7-9-2025,8-9-2025,79,3,0,0,1,0.0
7-9-2025,8-9-2025,80,4,1,1,1,0.0
7-9-2025,8-9-2025,81,2,0,0,1,0.0
7-9-2025,8-9-2025,82,1,0,1,1,0.0
7-9-2025,8-9-2025,83,2,0,0,1,1.0
7-9-2025,8-9-2025,84,2,1,0,1,1.0
7-9-2025,8-9-2025,85,0,0,0,1,0.0
7-9-2025,8-9-2025,86,1,0,0,1,0.0
7-9-2025,8-9-2025,87,1,0,1,1,1.0
7-9-2025,8-9-2025,88,2,0,0,1,0.0
7-9-2025,8-9-2025,89,0,0,0,1,0.0
7-9-2025,8-9-2025,90,1,0,0,1,0.0
7-9-2025,8-9-2025,91,2,0,0,1,0.0
7-9-2025,8-9-2025,92,2,0,0,1,0.0
7-9-2025,8-9-2025,93,2,1,0,1,1.0
7-9-2025,8-9-2025,94,3,0,0,1,0.0
7-9-2025,8-9-2025,95,2,0,1,1,0.0
7-9-2025,8-9-2025,96,3,1,0,1,0.0
7-9-2025,8-9-2025,97,1,0,0,1,0.0
7-9-2025,8-9-2025,98,1,0,0,1,0.0
7-9-2025,8-9-2025,99,2,0,1,1,0.0
8-9-2025,9-9-2025,00,2,1,0,1,0.0
8-9-2025,9-9-2025,01,3,1,0,1,1.0
8-9-2025,9-9-2025,02,2,0,1,1,0.0
8-9-2025,9-9-2025,03,2,0,1,1,0.0
8-9-2025,9-9-2025,04,0,0,0,1,0.0
8-9-2025,9-9-2025,05,3,0,0,1,0.0
8-9-2025,9-9-2025,06,1,0,0,1,0.0
8-9-2025,9-9-2025,07,1,0,0,1,0.0
8-9-2025,9-9-2025,08,3,0,0,1,0.0
8-9-2025,9-9-2025,09,2,1,0,1,0.0
8-9-2025,9-9-2025,10,0,0,0,1,1.0
8-9-2025,9-9-2025,11,2,0,1,1,0.0
8-9-2025,9-9-2025,12,1,0,0,1,0.0
8-9-2025,9-9-2025,13,2,0,0,1,0.0
8-9-2025,9-9-2025,14,2,0,1,1,0.0
8-9-2025,9-9-2025,15,2,0,0,1,0.0
8-9-2025,9-9-2025,16,1,0,1,1,0.0
8-9-2025,9-9-2025,17,1,0,0,1,0.0
8-9-2025,9-9-2025,18,1,0,0,1,0.0
8-9-2025,9-9-2025,19,3,1,0,1,0.0
8-9-2025,9-9-2025,20,0,0,0,1,0.0
8-9-2025,9-9-2025,21,1,0,1,1,0.0
8-9-2025,9-9-2025,22,0,0,0,1,0.0
8-9-2025,9-9-2025,23,2,0,0,1,1.0
8-9-2025,9-9-2025,24,2,1,0,1,0.0
8-9-2025,9-9-2025,25,3,0,0,1,1.0
8-9-2025,9-9-2025,26,2,0,0,1,0.0
8-9-2025,9-9-2025,27,1,0,0,1,0.0
8-9-2025,9-9-2025,28,1,0,0,1,0.0
8-9-2025,9-9-2025,29,2,0,0,1,0.0
8-9-2025,9-9-2025,30,2,0,0,1,1.0
8-9-2025,9-9-2025,31,1,0,0,1,0.0
8-9-2025,9-9-2025,32,3,1,0,1,0.0
8-9-2025,9-9-2025,33,3,0,1,1,0.0
8-9-2025,9-9-2025,34,0,0,0,1,0.0
8-9-2025,9-9-2025,35,2,0,0,1,0.0
8-9-2025,9-9-2025,36,2,1,0,1,0.0
8-9-2025,9-9-2025,37,3,1,0,1,0.0
8-9-2025,9-9-2025,38,1,0,0,1,0.0
8-9-2025,9-9-2025,39,0,0,1,1,0.0
8-9-2025,9-9-2025,40,2,1,1,1,0.0
8-9-2025,9-9-2025,41,0,0,0,1,0.0
8-9-2025,9-9-2025,42,0,0,1,1,1.0
8-9-2025,9-9-2025,43,1,0,1,1,1.0
8-9-2025,9-9-2025,44,1,0,1,1,0.0
8-9-2025,9-9-2025,45,4,0,0,1,0.0
8-9-2025,9-9-2025,46,2,1,0,1,0.0
8-9-2025,9-9-2025,47,1,0,0,1,0.0
8-9-2025,9-9-2025,48,1,1,0,1,0.0
8-9-2025,9-9-2025,49,1,0,0,1,1.0
8-9-2025,9-9-2025,50,1,0,0,1,0.0
8-9-2025,9-9-2025,51,3,0,0,1,1.0
8-9-2025,9-9-2025,52,1,0,0,1,0.0
8-9-2025,9-9-2025,53,2,1,0,1,1.0
8-9-2025,9-9-2025,54,3,1,0,1,1.0
8-9-2025,9-9-2025,55,3,1,1,1,0.0
8-9-2025,9-9-2025,56,1,1,0,1,0.0
8-9-2025,9-9-2025,57,2,1,0,1,0.0
8-9-2025,9-9-2025,58,2,1,1,1,0.0
8-9-2025,9-9-2025,59,1,0,0,1,1.0
8-9-2025,9-9-2025,60,0,0,0,1,1.0
8-9-2025,9-9-2025,61,1,0,0,1,0.0
8-9-2025,9-9-2025,62,3,1,0,1,1.0
8-9-2025,9-9-2025,63,2,0,0,1,1.0
8-9-2025,9-9-2025,64,2,0,0,1,0.0
8-9-2025,9-9-2025,65,1,0,0,1,0.0
8-9-2025,9-9-2025,66,1,0,0,1,0.0
8-9-2025,9-9-2025,67,2,0,0,1,0.0
8-9-2025,9-9-2025,68,3,1,0,1,1.0
8-9-2025,9-9-2025,69,5,1,0,1,1.0
8-9-2025,9-9-2025,70,4,0,0,1,0.0
8-9-2025,9-9-2025,71,1,0,0,1,0.0
8-9-2025,9-9-2025,72,1,0,0,1,0.0
8-9-2025,9-9-2025,73,1,0,0,1,0.0
8-9-2025,9-9-2025,74,0,0,0,1,0.0
8-9-2025,9-9-2025,75,1,0,1,1,0.0
8-9-2025,9-9-2025,76,0,0,1,1,0.0
8-9-2025,9-9-2025,77,1,1,0,1,0.0
8-9-2025,9-9-2025,78,2,0,0,1,0.0
8-9-2025,9-9-2025,79,3,0,0,1,0.0
8-9-2025,9-9-2025,80,4,0,1,1,0.0
8-9-2025,9-9-2025,81,1,0,0,1,1.0
8-9-2025,9-9-2025,82,1,0,1,1,1.0
8-9-2025,9-9-2025,83,2,1,0,1,1.0
8-9-2025,9-9-2025,84,2,0,0,1,1.0
8-9-2025,9-9-2025,85,0,0,0,1,1.0
8-9-2025,9-9-2025,86,1,0,0,1,0.0
8-9-2025,9-9-2025,87,0,0,1,1,1.0
8-9-2025,9-9-2025,88,3,1,0,1,1.0
8-9-2025,9-9-2025,89,0,0,0,1,0.0
8-9-2025,9-9-2025,90,1,0,0,1,1.0
8-9-2025,9-9-2025,91,2,0,0,1,0.0
8-9-2025,9-9-2025,92,1,0,0,1,0.0
8-9-2025,9-9-2025,93,1,0,0,1,0.0
8-9-2025,9-9-2025,94,3,0,0,1,0.0
8-9-2025,9-9-2025,95,1,0,1,1,0.0
8-9-2025,9-9-2025,96,3,0,0,1,0.0
8-9-2025,9-9-2025,97,2,1,0,1,0.0
8-9-2025,9-9-2025,98,2,1,0,1,1.0
8-9-2025,9-9-2025,99,2,0,1,1,0.0
9-9-2025,10-9-2025,00,2,0,0,1,0.0
9-9-2025,10-9-2025,01,2,0,0,1,0.0
9-9-2025,10-9-2025,02,1,0,1,1,1.0
9-9-2025,10-9-2025,03,2,0,1,1,0.0
9-9-2025,10-9-2025,04,0,0,0,1,0.0
9-9-2025,10-9-2025,05,2,0,0,1,1.0
9-9-2025,10-9-2025,06,1,0,0,1,0.0
9-9-2025,10-9-2025,07,0,0,0,1,0.0
9-9-2025,10-9-2025,08,3,0,0,1,0.0
9-9-2025,10-9-2025,09,2,0,0,1,0.0
9-9-2025,10-9-2025,10,0,0,0,1,0.0
9-9-2025,10-9-2025,11,3,1,1,1,0.0
9-9-2025,10-9-2025,12,2,1,0,1,0.0
9-9-2025,10-9-2025,13,3,1,0,1,0.0
9-9-2025,10-9-2025,14,3,1,1,1,1.0
9-9-2025,10-9-2025,15,2,0,0,1,0.0
9-9-2025,10-9-2025,16,1,0,1,1,1.0
9-9-2025,10-9-2025,17,2,1,0,1,1.0
9-9-2025,10-9-2025,18,1,0,0,1,1.0
9-9-2025,10-9-2025,19,2,0,0,1,0.0
9-9-2025,10-9-2025,20,1,1,0,1,0.0
9-9-2025,10-9-2025,21,1,0,1,1,0.0
9-9-2025,10-9-2025,22,0,0,0,1,0.0
9-9-2025,10-9-2025,23,2,0,0,1,1.0
9-9-2025,10-9-2025,24,2,1,0,1,1.0
9-9-2025,10-9-2025,25,2,0,0,1,1.0
9-9-2025,10-9-2025,26,2,1,0,1,0.0
9-9-2025,10-9-2025,27,1,0,0,1,0.0
9-9-2025,10-9-2025,28,0,0,0,1,0.0
9-9-2025,10-9-2025,29,1,0,0,1,0.0
9-9-2025,10-9-2025,30,2,0,0,1,0.0
9-9-2025,10-9-2025,31,1,0,0,1,1.0
9-9-2025,10-9-2025,32,3,1,0,1,0.0
9-9-2025,10-9-2025,33,2,0,1,1,1.0
9-9-2025,10-9-2025,34,1,1,0,1,1.0
9-9-2025,10-9-2025,35,1,0,0,1,0.0
9-9-2025,10-9-2025,36,1,0,0,1,0.0
9-9-2025,10-9-2025,37,4,1,0,1,0.0
9-9-2025,10-9-2025,38,1,0,0,1,0.0
9-9-2025,10-9-2025,39,1,1,1,1,1.0
9-9-2025,10-9-2025,40,2,0,1,1,1.0
9-9-2025,10-9-2025,41,0,0,0,1,0.0
9-9-2025,10-9-2025,42,1,1,1,1,0.0
9-9-2025,10-9-2025,43,1,0,1,1,0.0
9-9-2025,10-9-2025,44,1,0,1,1,0.0
9-9-2025,10-9-2025,45,3,0,0,1,0.0
9-9-2025,10-9-2025,46,1,0,0,1,0.0
9-9-2025,10-9-2025,47,1,0,0,1,1.0
9-9-2025,10-9-2025,48,1,0,0,1,1.0
9-9-2025,10-9-2025,49,1,0,0,1,0.0
9-9-2025,10-9-2025,50,1,0,0,1,0.0
9-9-2025,10-9-2025,51,2,0,0,1,0.0
9-9-2025,10-9-2025,52,2,1,0,1,0.0
9-9-2025,10-9-2025,53,2,0,0,1,0.0
9-9-2025,10-9-2025,54,3,0,0,1,1.0
9-9-2025,10-9-2025,55,3,0,1,1,0.0
9-9-2025,10-9-2025,56,1,0,0,1,0.0
9-9-2025,10-9-2025,57,2,0,0,1,0.0
9-9-2025,10-9-2025,58,2,0,1,1,0.0
9-9-2025,10-9-2025,59,1,0,0,1,0.0
9-9-2025,10-9-2025,60,0,0,0,1,0.0
9-9-2025,10-9-2025,61,1,0,0,1,0.0
9-9-2025,10-9-2025,62,3,0,0,1,1.0
9-9-2025,10-9-2025,63,3,1,0,1,0.0
9-9-2025,10-9-2025,64,2,0,0,1,0.0
9-9-2025,10-9-2025,65,2,1,0,1,0.0
9-9-2025,10-9-2025,66,1,0,0,1,0.0
9-9-2025,10-9-2025,67,1,0,0,1,0.0
9-9-2025,10-9-2025,68,4,1,0,1,0.0
9-9-2025,10-9-2025,69,5,1,0,1,0.0
9-9-2025,10-9-2025,70,3,0,0,1,0.0
9-9-2025,10-9-2025,71,2,1,0,1,0.0
9-9-2025,10-9-2025,72,1,0,0,1,0.0
9-9-2025,10-9-2025,73,1,0,0,1,0.0
9-9-2025,10-9-2025,74,1,1,0,1,0.0
9-9-2025,10-9-2025,75,1,0,1,1,0.0
9-9-2025,10-9-2025,76,0,0,1,1,0.0
9-9-2025,10-9-2025,77,1,0,0,1,0.0
9-9-2025,10-9-2025,78,1,0,0,1,1.0
9-9-2025,10-9-2025,79,2,0,0,1,0.0
9-9-2025,10-9-2025,80,4,0,1,1,0.0
9-9-2025,10-9-2025,81,1,0,0,1,1.0
9-9-2025,10-9-2025,82,1,0,1,1,1.0
9-9-2025,10-9-2025,83,3,1,0,1,0.0
9-9-2025,10-9-2025,84,3,1,0,1,0.0
9-9-2025,10-9-2025,85,0,0,0,1,0.0
9-9-2025,10-9-2025,86,1,0,0,1,0.0
9-9-2025,10-9-2025,87,1,1,1,1,0.0
9-9-2025,10-9-2025,88,3,0,0,1,0.0
9-9-2025,10-9-2025,89,0,0,0,1,0.0
9-9-2025,10-9-2025,90,1,0,0,1,0.0
9-9-2025,10-9-2025,91,2,0,0,1,0.0
9-9-2025,10-9-2025,92,1,0,0,1,0.0
9-9-2025,10-9-2025,93,2,1,0,1,0.0
9-9-2025,10-9-2025,94,2,0,0,1,0.0
9-9-2025,10-9-2025,95,1,0,1,1,1.0
9-9-2025,10-9-2025,96,2,0,0,1,0.0
9-9-2025,10-9-2025,97,2,0,0,1,0.0
9-9-2025,10-9-2025,98,2,0,0,1,0.0
9-9-2025,10-9-2025,99,1,0,1,1,0.0
10-9-2025,11-9-2025,00,2,0,0,1,0.0
10-9-2025,11-9-2025,01,3,1,0,1,1.0
10-9-2025,11-9-2025,02,0,0,1,1,1.0
10-9-2025,11-9-2025,03,2,0,1,1,0.0
10-9-2025,11-9-2025,04,0,0,0,1,0.0
10-9-2025,11-9-2025,05,1,0,0,1,0.0
10-9-2025,11-9-2025,06,1,0,0,1,0.0
10-9-2025,11-9-2025,07,0,0,0,1,0.0
10-9-2025,11-9-2025,08,2,0,0,1,0.0
10-9-2025,11-9-2025,09,2,0,0,1,1.0
10-9-2025,11-9-2025,10,1,1,0,1,0.0
10-9-2025,11-9-2025,11,3,0,1,1,0.0
10-9-2025,11-9-2025,12,2,0,0,1,1.0
10-9-2025,11-9-2025,13,3,0,0,1,0.0
10-9-2025,11-9-2025,14,2,0,1,1,0.0
10-9-2025,11-9-2025,15,1,0,0,1,0.0
10-9-2025,11-9-2025,16,1,0,1,1,0.0
10-9-2025,11-9-2025,17,2,0,0,1,1.0
10-9-2025,11-9-2025,18,1,0,0,1,0.0
10-9-2025,11-9-2025,19,2,0,0,1,1.0
10-9-2025,11-9-2025,20,1,0,0,1,0.0
10-9-2025,11-9-2025,21,1,0,1,1,0.0
10-9-2025,11-9-2025,22,0,0,0,1,0.0
10-9-2025,11-9-2025,23,2,1,0,1,0.0
10-9-2025,11-9-2025,24,2,0,0,1,0.0
10-9-2025,11-9-2025,25,2,1,0,1,0.0
10-9-2025,11-9-2025,26,1,0,0,1,1.0
10-9-2025,11-9-2025,27,1,0,0,1,0.0
10-9-2025,11-9-2025,28,0,0,0,1,0.0
10-9-2025,11-9-2025,29,0,0,0,1,1.0
10-9-2025,11-9-2025,30,2,1,0,1,0.0
10-9-2025,11-9-2025,31,1,0,0,1,0.0
10-9-2025,11-9-2025,32,3,0,0,1,1.0
10-9-2025,11-9-2025,33,2,0,1,1,0.0
10-9-2025,11-9-2025,34,1,0,0,1,0.0
10-9-2025,11-9-2025,35,1,0,0,1,0.0
10-9-2025,11-9-2025,36,1,0,0,1,1.0
10-9-2025,11-9-2025,37,4,0,0,1,0.0
10-9-2025,11-9-2025,38,1,0,0,1,0.0
10-9-2025,11-9-2025,39,1,0,1,1,0.0
10-9-2025,11-9-2025,40,2,0,1,1,0.0
10-9-2025,11-9-2025,41,0,0,0,1,0.0
10-9-2025,11-9-2025,42,2,1,1,1,0.0
10-9-2025,11-9-2025,43,2,1,1,1,1.0
10-9-2025,11-9-2025,44,0,0,1,1,0.0
10-9-2025,11-9-2025,45,3,0,0,1,0.0
10-9-2025,11-9-2025,46,1,0,0,1,0.0
10-9-2025,11-9-2025,47,1,0,0,1,0.0
10-9-2025,11-9-2025,48,1,0,0,1,0.0
10-9-2025,11-9-2025,49,2,1,0,1,0.0
10-9-2025,11-9-2025,50,1,0,0,1,1.0
10-9-2025,11-9-2025,51,3,1,0,1,0.0
10-9-2025,11-9-2025,52,2,0,0,1,0.0
10-9-2025,11-9-2025,53,3,1,0,1,1.0
10-9-2025,11-9-2025,54,4,1,0,1,0.0
10-9-2025,11-9-2025,55,3,0,1,1,0.0
10-9-2025,11-9-2025,56,1,0,0,1,1.0
10-9-2025,11-9-2025,57,1,0,0,1,0.0
10-9-2025,11-9-2025,58,2,0,1,1,1.0
10-9-2025,11-9-2025,59,1,1,0,1,0.0
10-9-2025,11-9-2025,60,1,1,0,1,1.0
10-9-2025,11-9-2025,61,1,0,0,1,0.0
10-9-2025,11-9-2025,62,3,1,0,1,0.0
10-9-2025,11-9-2025,63,3,1,0,1,0.0
10-9-2025,11-9-2025,64,1,0,0,1,0.0
10-9-2025,11-9-2025,65,2,0,0,1,0.0
10-9-2025,11-9-2025,66,1,0,0,1,0.0
10-9-2025,11-9-2025,67,1,0,0,1,0.0
10-9-2025,11-9-2025,68,4,1,0,1,1.0
10-9-2025,11-9-2025,69,5,1,0,1,0.0
10-9-2025,11-9-2025,70,3,0,0,1,0.0
10-9-2025,11-9-2025,71,1,0,0,1,0.0
10-9-2025,11-9-2025,72,1,0,0,1,0.0
10-9-2025,11-9-2025,73,1,0,0,1,1.0
10-9-2025,11-9-2025,74,1,0,0,1,0.0
10-9-2025,11-9-2025,75,1,0,1,1,0.0
10-9-2025,11-9-2025,76,0,0,1,1,0.0
10-9-2025,11-9-2025,77,1,0,0,1,0.0
10-9-2025,11-9-2025,78,1,0,0,1,0.0
10-9-2025,11-9-2025,79,1,0,0,1,0.0
10-9-2025,11-9-2025,80,3,0,1,1,0.0
10-9-2025,11-9-2025,81,2,1,0,1,0.0
10-9-2025,11-9-2025,82,1,1,1,1,0.0
10-9-2025,11-9-2025,83,4,1,0,1,1.0
10-9-2025,11-9-2025,84,4,1,0,1,0.0
10-9-2025,11-9-2025,85,1,1,0,1,0.0
10-9-2025,11-9-2025,86,0,0,0,1,1.0
10-9-2025,11-9-2025,87,2,1,1,1,0.0
10-9-2025,11-9-2025,88,4,1,0,1,0.0
10-9-2025,11-9-2025,89,0,0,0,1,1.0
10-9-2025,11-9-2025,90,2,1,0,1,0.0
10-9-2025,11-9-2025,91,1,0,0,1,0.0
10-9-2025,11-9-2025,92,1,0,0,1,1.0
10-9-2025,11-9-2025,93,2,0,0,1,0.0
10-9-2025,11-9-2025,94,2,0,0,1,0.0
10-9-2025,11-9-2025,95,1,0,1,1,0.0
10-9-2025,11-9-2025,96,1,0,0,1,1.0
10-9-2025,11-9-2025,97,2,0,0,1,0.0
10-9-2025,11-9-2025,98,3,1,0,1,0.0
10-9-2025,11-9-2025,99,1,0,1,1,0.0
11-9-2025,12-9-2025,00,2,0,0,1,0.0
11-9-2025,12-9-2025,01,3,0,0,1,1.0
11-9-2025,12-9-2025,02,1,1,1,1,0.0
11-9-2025,12-9-2025,03,2,0,1,1,1.0
11-9-2025,12-9-2025,04,0,0,0,1,0.0
11-9-2025,12-9-2025,05,2,1,0,1,1.0
11-9-2025,12-9-2025,06,1,0,0,1,0.0
11-9-2025,12-9-2025,07,0,0,0,1,0.0
11-9-2025,12-9-2025,08,1,0,0,1,0.0
11-9-2025,12-9-2025,09,2,0,0,1,0.0
11-9-2025,12-9-2025,10,1,0,0,1,0.0
11-9-2025,12-9-2025,11,3,0,1,1,0.0
11-9-2025,12-9-2025,12,2,0,0,1,0.0
11-9-2025,12-9-2025,13,3,0,0,1,0.0
11-9-2025,12-9-2025,14,2,1,1,1,1.0
11-9-2025,12-9-2025,15,1,0,0,1,0.0
11-9-2025,12-9-2025,16,2,1,1,1,0.0
11-9-2025,12-9-2025,17,3,1,0,1,0.0
11-9-2025,12-9-2025,18,2,1,0,1,1.0
11-9-2025,12-9-2025,19,2,0,0,1,0.0
11-9-2025,12-9-2025,20,1,0,0,1,1.0
11-9-2025,12-9-2025,21,0,0,1,1,1.0
11-9-2025,12-9-2025,22,0,0,0,1,1.0
11-9-2025,12-9-2025,23,3,1,0,1,1.0
11-9-2025,12-9-2025,24,3,1,0,1,0.0
11-9-2025,12-9-2025,25,3,1,0,1,0.0
11-9-2025,12-9-2025,26,1,0,0,1,1.0
11-9-2025,12-9-2025,27,1,0,0,1,0.0
11-9-2025,12-9-2025,28,0,0,0,1,1.0
11-9-2025,12-9-2025,29,0,0,0,1,0.0
11-9-2025,12-9-2025,30,2,0,0,1,0.0
11-9-2025,12-9-2025,31,2,1,0,1,1.0
11-9-2025,12-9-2025,32,3,0,0,1,0.0
11-9-2025,12-9-2025,33,2,1,1,1,0.0
11-9-2025,12-9-2025,34,2,1,0,1,0.0
11-9-2025,12-9-2025,35,1,0,0,1,0.0
11-9-2025,12-9-2025,36,1,0,0,1,0.0
11-9-2025,12-9-2025,37,4,0,0,1,0.0
11-9-2025,12-9-2025,38,1,0,0,1,1.0
11-9-2025,12-9-2025,39,2,1,1,1,0.0
11-9-2025,12-9-2025,40,3,1,1,1,0.0
11-9-2025,12-9-2025,41,0,0,0,1,0.0
11-9-2025,12-9-2025,42,2,0,1,1,0.0
11-9-2025,12-9-2025,43,2,0,1,1,1.0
11-9-2025,12-9-2025,44,0,0,1,1,0.0
11-9-2025,12-9-2025,45,2,0,0,1,0.0
11-9-2025,12-9-2025,46,1,0,0,1,1.0
11-9-2025,12-9-2025,47,2,1,0,1,0.0
11-9-2025,12-9-2025,48,2,1,0,1,1.0
11-9-2025,12-9-2025,49,1,0,0,1,1.0
11-9-2025,12-9-2025,50,0,0,0,1,1.0
11-9-2025,12-9-2025,51,2,0,0,1,1.0
11-9-2025,12-9-2025,52,2,0,0,1,0.0
11-9-2025,12-9-2025,53,3,0,0,1,0.0
11-9-2025,12-9-2025,54,4,1,0,1,0.0
11-9-2025,12-9-2025,55,2,0,1,1,0.0
11-9-2025,12-9-2025,56,1,0,0,1,0.0
11-9-2025,12-9-2025,57,1,0,0,1,0.0
11-9-2025,12-9-2025,58,2,0,1,1,0.0
11-9-2025,12-9-2025,59,1,0,0,1,0.0
11-9-2025,12-9-2025,60,1,0,0,1,0.0
11-9-2025,12-9-2025,61,0,0,0,1,0.0
11-9-2025,12-9-2025,62,4,1,0,1,0.0
11-9-2025,12-9-2025,63,2,0,0,1,0.0
11-9-2025,12-9-2025,64,1,0,0,1,0.0
11-9-2025,12-9-2025,65,2,0,0,1,1.0
11-9-2025,12-9-2025,66,1,0,0,1,0.0
11-9-2025,12-9-2025,67,1,0,0,1,0.0
11-9-2025,12-9-2025,68,4,0,0,1,0.0
11-9-2025,12-9-2025,69,5,0,0,1,0.0
11-9-2025,12-9-2025,70,2,0,0,1,0.0
11-9-2025,12-9-2025,71,1,0,0,1,0.0
11-9-2025,12-9-2025,72,0,0,0,1,0.0
11-9-2025,12-9-2025,73,1,0,0,1,0.0
11-9-2025,12-9-2025,74,1,0,0,1,1.0
11-9-2025,12-9-2025,75,1,0,1,1,0.0
11-9-2025,12-9-2025,76,0,0,1,1,0.0
11-9-2025,12-9-2025,77,1,0,0,1,0.0
11-9-2025,12-9-2025,78,2,1,0,1,0.0
11-9-2025,12-9-2025,79,0,0,0,1,0.0
11-9-2025,12-9-2025,80,2,0,1,1,0.0
11-9-2025,12-9-2025,81,2,1,0,1,0.0
11-9-2025,12-9-2025,82,2,1,1,1,0.0
11-9-2025,12-9-2025,83,4,0,0,1,1.0
11-9-2025,12-9-2025,84,3,0,0,1,1.0
11-9-2025,12-9-2025,85,1,0,0,1,0.0
11-9-2025,12-9-2025,86,0,0,0,1,1.0
11-9-2025,12-9-2025,87,2,0,1,1,0.0
11-9-2025,12-9-2025,88,3,0,0,1,0.0
11-9-2025,12-9-2025,89,0,0,0,1,0.0
11-9-2025,12-9-2025,90,1,0,0,1,0.0
11-9-2025,12-9-2025,91,1,0,0,1,0.0
11-9-2025,12-9-2025,92,1,0,0,1,0.0
11-9-2025,12-9-2025,93,2,0,0,1,0.0
11-9-2025,12-9-2025,94,1,0,0,1,0.0
11-9-2025,12-9-2025,95,2,1,1,1,0.0
11-9-2025,12-9-2025,96,1,0,0,1,0.0
11-9-2025,12-9-2025,97,2,0,0,1,0.0
11-9-2025,12-9-2025,98,3,0,0,1,0.0
11-9-2025,12-9-2025,99,0,0,1,1,0.0
12-9-2025,13-9-2025,00,1,0,0,1,0.0
12-9-2025,13-9-2025,01,3,1,0,1,1.0
12-9-2025,13-9-2025,02,2,1,1,1,1.0
12-9-2025,13-9-2025,03,1,0,1,1,0.0
12-9-2025,13-9-2025,04,0,0,0,1,1.0
12-9-2025,13-9-2025,05,2,0,0,1,0.0
12-9-2025,13-9-2025,06,1,0,0,1,0.0
12-9-2025,13-9-2025,07,0,0,0,1,0.0
12-9-2025,13-9-2025,08,1,0,0,1,0.0
12-9-2025,13-9-2025,09,3,1,0,1,0.0
12-9-2025,13-9-2025,10,1,0,0,1,0.0
12-9-2025,13-9-2025,11,3,0,1,1,1.0
12-9-2025,13-9-2025,12,3,1,0,1,0.0
12-9-2025,13-9-2025,13,2,0,0,1,0.0
12-9-2025,13-9-2025,14,2,0,1,1,1.0
12-9-2025,13-9-2025,15,1,0,0,1,0.0
12-9-2025,13-9-2025,16,1,0,1,1,0.0
12-9-2025,13-9-2025,17,4,1,0,1,0.0
12-9-2025,13-9-2025,18,2,0,0,1,0.0
12-9-2025,13-9-2025,19,2,1,0,1,0.0
12-9-2025,13-9-2025,20,1,0,0,1,0.0
12-9-2025,13-9-2025,21,0,0,1,1,0.0
12-9-2025,13-9-2025,22,0,0,0,1,0.0
12-9-2025,13-9-2025,23,3,0,0,1,0.0
12-9-2025,13-9-2025,24,3,0,0,1,1.0
12-9-2025,13-9-2025,25,3,0,0,1,0.0
12-9-2025,13-9-2025,26,2,1,0,1,0.0
12-9-2025,13-9-2025,27,1,0,0,1,0.0
12-9-2025,13-9-2025,28,0,0,0,1,1.0
12-9-2025,13-9-2025,29,1,1,0,1,1.0
12-9-2025,13-9-2025,30,1,0,0,1,0.0
12-9-2025,13-9-2025,31,2,0,0,1,0.0
12-9-2025,13-9-2025,32,4,1,0,1,0.0
12-9-2025,13-9-2025,33,1,0,1,1,0.0
12-9-2025,13-9-2025,34,2,0,0,1,1.0
12-9-2025,13-9-2025,35,1,0,0,1,0.0
12-9-2025,13-9-2025,36,2,1,0,1,0.0
12-9-2025,13-9-2025,37,3,0,0,1,0.0
12-9-2025,13-9-2025,38,1,0,0,1,1.0
12-9-2025,13-9-2025,39,2,0,1,1,0.0
12-9-2025,13-9-2025,40,2,0,1,1,0.0
12-9-2025,13-9-2025,41,0,0,0,1,0.0
12-9-2025,13-9-2025,42,2,0,1,1,0.0
12-9-2025,13-9-2025,43,2,1,1,1,0.0
12-9-2025,13-9-2025,44,0,0,1,1,0.0
12-9-2025,13-9-2025,45,1,0,0,1,0.0
12-9-2025,13-9-2025,46,1,0,0,1,0.0
12-9-2025,13-9-2025,47,2,0,0,1,0.0
12-9-2025,13-9-2025,48,2,0,0,1,0.0
12-9-2025,13-9-2025,49,1,0,0,1,0.0
12-9-2025,13-9-2025,50,1,1,0,1,1.0
12-9-2025,13-9-2025,51,1,0,0,1,1.0
12-9-2025,13-9-2025,52,1,0,0,1,0.0
12-9-2025,13-9-2025,53,4,1,0,1,1.0
12-9-2025,13-9-2025,54,3,0,0,1,0.0
12-9-2025,13-9-2025,55,2,0,1,1,0.0
12-9-2025,13-9-2025,56,2,1,0,1,0.0
12-9-2025,13-9-2025,57,1,0,0,1,1.0
12-9-2025,13-9-2025,58,3,1,1,1,0.0
12-9-2025,13-9-2025,59,1,0,0,1,0.0
12-9-2025,13-9-2025,60,2,1,0,1,0.0
12-9-2025,13-9-2025,61,0,0,0,1,0.0
12-9-2025,13-9-2025,62,4,0,0,1,0.0
12-9-2025,13-9-2025,63,2,0,0,1,0.0
12-9-2025,13-9-2025,64,1,0,0,1,0.0
12-9-2025,13-9-2025,65,2,0,0,1,1.0
12-9-2025,13-9-2025,66,1,0,0,1,0.0
12-9-2025,13-9-2025,67,1,0,0,1,0.0
12-9-2025,13-9-2025,68,4,1,0,1,0.0
12-9-2025,13-9-2025,69,4,0,0,1,0.0
12-9-2025,13-9-2025,70,1,0,0,1,1.0
12-9-2025,13-9-2025,71,1,0,0,1,0.0
12-9-2025,13-9-2025,72,0,0,0,1,0.0
12-9-2025,13-9-2025,73,2,1,0,1,0.0
12-9-2025,13-9-2025,74,1,0,0,1,1.0
12-9-2025,13-9-2025,75,1,0,1,1,1.0
12-9-2025,13-9-2025,76,0,0,1,1,1.0
12-9-2025,13-9-2025,77,1,0,0,1,0.0
12-9-2025,13-9-2025,78,2,0,0,1,0.0
12-9-2025,13-9-2025,79,0,0,0,1,0.0
12-9-2025,13-9-2025,80,1,0,1,1,1.0
12-9-2025,13-9-2025,81,2,0,0,1,0.0
12-9-2025,13-9-2025,82,2,0,1,1,1.0
12-9-2025,13-9-2025,83,4,1,0,1,0.0
12-9-2025,13-9-2025,84,3,0,0,1,0.0
12-9-2025,13-9-2025,85,1,0,0,1,1.0
12-9-2025,13-9-2025,86,1,1,0,1,0.0
12-9-2025,13-9-2025,87,2,0,1,1,0.0
12-9-2025,13-9-2025,88,2,0,0,1,0.0
12-9-2025,13-9-2025,89,1,1,0,1,1.0
12-9-2025,13-9-2025,90,1,0,0,1,0.0
12-9-2025,13-9-2025,91,1,0,0,1,0.0
12-9-2025,13-9-2025,92,1,1,0,1,1.0
12-9-2025,13-9-2025,93,2,0,0,1,1.0
12-9-2025,13-9-2025,94,1,0,0,1,0.0
12-9-2025,13-9-2025,95,2,0,1,1,0.0
12-9-2025,13-9-2025,96,2,1,0,1,0.0
12-9-2025,13-9-2025,97,2,0,0,1,1.0
12-9-2025,13-9-2025,98,3,0,0,1,0.0
12-9-2025,13-9-2025,99,0,0,1,1,0.0
13-9-2025,14-9-2025,00,1,0,0,1,0.0
13-9-2025,14-9-2025,01,4,1,0,1,0.0
13-9-2025,14-9-2025,02,2,0,1,1,0.0
13-9-2025,14-9-2025,03,2,1,1,1,0.0
13-9-2025,14-9-2025,04,0,0,0,1,0.0
13-9-2025,14-9-2025,05,3,1,0,1,0.0
13-9-2025,14-9-2025,06,0,0,0,1,0.0
13-9-2025,14-9-2025,07,0,0,0,1,0.0
13-9-2025,14-9-2025,08,1,0,0,1,0.0
13-9-2025,14-9-2025,09,3,0,0,1,0.0
13-9-2025,14-9-2025,10,1,0,0,1,0.0
13-9-2025,14-9-2025,11,2,0,1,1,0.0
13-9-2025,14-9-2025,12,2,0,0,1,0.0
13-9-2025,14-9-2025,13,2,0,0,1,0.0
13-9-2025,14-9-2025,14,3,1,1,1,0.0
13-9-2025,14-9-2025,15,1,0,0,1,0.0
13-9-2025,14-9-2025,16,1,0,1,1,0.0
13-9-2025,14-9-2025,17,3,0,0,1,0.0
13-9-2025,14-9-2025,18,2,1,0,1,0.0
13-9-2025,14-9-2025,19,2,0,0,1,0.0
13-9-2025,14-9-2025,20,2,1,0,1,0.0
13-9-2025,14-9-2025,21,1,1,1,1,0.0
13-9-2025,14-9-2025,22,1,1,0,1,0.0
13-9-2025,14-9-2025,23,4,1,0,1,0.0
13-9-2025,14-9-2025,24,3,0,0,1,0.0
13-9-2025,14-9-2025,25,2,0,0,1,0.0
13-9-2025,14-9-2025,26,3,1,0,1,0.0
13-9-2025,14-9-2025,27,0,0,0,1,0.0
13-9-2025,14-9-2025,28,1,1,0,1,0.0
13-9-2025,14-9-2025,29,1,0,0,1,0.0
13-9-2025,14-9-2025,30,1,0,0,1,0.0
13-9-2025,14-9-2025,31,3,1,0,1,0.0
13-9-2025,14-9-2025,32,3,0,0,1,0.0
13-9-2025,14-9-2025,33,1,0,1,1,0.0
13-9-2025,14-9-2025,34,2,0,0,1,0.0
13-9-2025,14-9-2025,35,1,0,0,1,0.0
13-9-2025,14-9-2025,36,2,0,0,1,0.0
13-9-2025,14-9-2025,37,2,0,0,1,0.0
13-9-2025,14-9-2025,38,1,1,0,1,0.0
13-9-2025,14-9-2025,39,2,0,1,1,0.0
13-9-2025,14-9-2025,40,2,0,1,1,0.0
13-9-2025,14-9-2025,41,0,0,0,1,0.0
13-9-2025,14-9-2025,42,2,0,1,1,0.0
13-9-2025,14-9-2025,43,3,1,1,1,0.0
13-9-2025,14-9-2025,44,0,0,1,1,0.0
13-9-2025,14-9-2025,45,0,0,0,1,0.0
13-9-2025,14-9-2025,46,2,1,0,1,0.0
13-9-2025,14-9-2025,47,1,0,0,1,0.0
13-9-2025,14-9-2025,48,3,1,0,1,0.0
13-9-2025,14-9-2025,49,2,1,0,1,0.0
13-9-2025,14-9-2025,50,2,1,0,1,0.0
13-9-2025,14-9-2025,51,2,1,0,1,0.0
13-9-2025,14-9-2025,52,1,0,0,1,0.0
13-9-2025,14-9-2025,53,4,0,0,1,0.0
13-9-2025,14-9-2025,54,3,0,0,1,0.0
13-9-2025,14-9-2025,55,2,0,1,1,0.0
13-9-2025,14-9-2025,56,2,0,0,1,0.0
13-9-2025,14-9-2025,57,1,0,0,1,0.0
13-9-2025,14-9-2025,58,2,0,1,1,0.0
13-9-2025,14-9-2025,59,1,0,0,1,0.0
13-9-2025,14-9-2025,60,2,0,0,1,0.0
13-9-2025,14-9-2025,61,0,0,0,1,0.0
13-9-2025,14-9-2025,62,4,0,0,1,0.0
13-9-2025,14-9-2025,63,2,0,0,1,0.0
13-9-2025,14-9-2025,64,1,0,0,1,0.0
13-9-2025,14-9-2025,65,2,1,0,1,0.0
13-9-2025,14-9-2025,66,0,0,0,1,0.0
13-9-2025,14-9-2025,67,1,0,0,1,0.0
13-9-2025,14-9-2025,68,4,0,0,1,0.0
13-9-2025,14-9-2025,69,4,0,0,1,0.0
13-9-2025,14-9-2025,70,0,0,0,1,0.0
13-9-2025,14-9-2025,71,1,0,0,1,0.0
13-9-2025,14-9-2025,72,0,0,0,1,0.0
13-9-2025,14-9-2025,73,2,0,0,1,0.0
13-9-2025,14-9-2025,74,2,1,0,1,0.0
13-9-2025,14-9-2025,75,0,0,1,1,0.0
13-9-2025,14-9-2025,76,0,0,1,1,0.0
13-9-2025,14-9-2025,77,1,0,0,1,0.0
13-9-2025,14-9-2025,78,1,0,0,1,0.0
13-9-2025,14-9-2025,79,0,0,0,1,0.0
13-9-2025,14-9-2025,80,1,0,1,1,0.0
13-9-2025,14-9-2025,81,2,0,0,1,0.0
13-9-2025,14-9-2025,82,2,0,1,1,0.0
13-9-2025,14-9-2025,83,5,1,0,1,0.0
13-9-2025,14-9-2025,84,4,1,0,1,0.0
13-9-2025,14-9-2025,85,1,0,0,1,0.0
13-9-2025,14-9-2025,86,2,1,0,1,0.0
13-9-2025,14-9-2025,87,2,0,1,1,0.0
13-9-2025,14-9-2025,88,2,0,0,1,0.0
13-9-2025,14-9-2025,89,1,0,0,1,0.0
13-9-2025,14-9-2025,90,1,0,0,1,0.0
13-9-2025,14-9-2025,91,0,0,0,1,0.0
13-9-2025,14-9-2025,92,1,0,0,1,0.0
13-9-2025,14-9-2025,93,2,0,0,1,0.0
13-9-2025,14-9-2025,94,0,0,0,1,0.0
13-9-2025,14-9-2025,95,1,0,1,1,0.0
13-9-2025,14-9-2025,96,2,0,0,1,0.0
13-9-2025,14-9-2025,97,1,0,0,1,0.0
13-9-2025,14-9-2025,98,2,0,0,1,0.0
13-9-2025,14-9-2025,99,0,0,1,1,0.0
14-9-2025,15-9-2025,00,1,0,0,1,1.0
14-9-2025,15-9-2025,01,5,1,0,1,1.0
14-9-2025,15-9-2025,02,3,1,1,1,0.0
14-9-2025,15-9-2025,03,1,0,1,1,0.0
14-9-2025,15-9-2025,04,1,1,0,1,0.0
14-9-2025,15-9-2025,05,2,0,0,1,0.0
14-9-2025,15-9-2025,06,0,0,0,1,0.0
14-9-2025,15-9-2025,07,0,0,0,1,1.0
14-9-2025,15-9-2025,08,0,0,0,1,0.0
14-9-2025,15-9-2025,09,2,0,0,1,0.0
14-9-2025,15-9-2025,10,1,0,0,1,0.0
14-9-2025,15-9-2025,11,2,1,1,1,0.0
14-9-2025,15-9-2025,12,2,0,0,1,0.0
14-9-2025,15-9-2025,13,1,0,0,1,0.0
14-9-2025,15-9-2025,14,4,1,1,1,0.0
14-9-2025,15-9-2025,15,0,0,0,1,0.0
14-9-2025,15-9-2025,16,1,0,1,1,1.0
14-9-2025,15-9-2025,17,3,0,0,1,0.0
14-9-2025,15-9-2025,18,2,0,0,1,0.0
14-9-2025,15-9-2025,19,2,0,0,1,1.0
14-9-2025,15-9-2025,20,2,0,0,1,0.0
14-9-2025,15-9-2025,21,1,0,1,1,0.0
14-9-2025,15-9-2025,22,1,0,0,1,1.0
14-9-2025,15-9-2025,23,3,0,0,1,0.0
14-9-2025,15-9-2025,24,4,1,0,1,1.0
14-9-2025,15-9-2025,25,2,0,0,1,0.0
14-9-2025,15-9-2025,26,3,0,0,1,1.0
14-9-2025,15-9-2025,27,0,0,0,1,1.0
14-9-2025,15-9-2025,28,2,1,0,1,0.0
14-9-2025,15-9-2025,29,2,1,0,1,0.0
14-9-2025,15-9-2025,30,1,0,0,1,0.0
14-9-2025,15-9-2025,31,2,0,0,1,1.0
14-9-2025,15-9-2025,32,3,0,0,1,1.0
14-9-2025,15-9-2025,33,1,0,1,1,1.0
14-9-2025,15-9-2025,34,3,1,0,1,0.0
14-9-2025,15-9-2025,35,0,0,0,1,0.0
14-9-2025,15-9-2025,36,2,0,0,1,0.0
14-9-2025,15-9-2025,37,2,0,0,1,1.0
14-9-2025,15-9-2025,38,2,1,0,1,0.0
14-9-2025,15-9-2025,39,2,0,1,1,0.0
14-9-2025,15-9-2025,40,2,0,1,1,0.0
14-9-2025,15-9-2025,41,0,0,0,1,0.0
14-9-2025,15-9-2025,42,2,0,1,1,0.0
14-9-2025,15-9-2025,43,3,0,1,1,0.0
14-9-2025,15-9-2025,44,0,0,1,1,1.0
14-9-2025,15-9-2025,45,0,0,0,1,0.0
14-9-2025,15-9-2025,46,2,0,0,1,1.0
14-9-2025,15-9-2025,47,1,0,0,1,0.0
14-9-2025,15-9-2025,48,3,0,0,1,0.0
14-9-2025,15-9-2025,49,2,0,0,1,0.0
14-9-2025,15-9-2025,50,3,1,0,1,0.0
14-9-2025,15-9-2025,51,3,1,0,1,0.0
14-9-2025,15-9-2025,52,1,0,0,1,0.0
14-9-2025,15-9-2025,53,4,1,0,1,0.0
14-9-2025,15-9-2025,54,3,0,0,1,0.0
14-9-2025,15-9-2025,55,1,0,1,1,0.0
14-9-2025,15-9-2025,56,2,0,0,1,0.0
14-9-2025,15-9-2025,57,2,1,0,1,0.0
14-9-2025,15-9-2025,58,2,0,1,1,1.0
14-9-2025,15-9-2025,59,1,0,0,1,0.0
14-9-2025,15-9-2025,60,2,0,0,1,1.0
14-9-2025,15-9-2025,61,0,0,0,1,0.0
14-9-2025,15-9-2025,62,3,0,0,1,0.0
14-9-2025,15-9-2025,63,2,0,0,1,0.0
14-9-2025,15-9-2025,64,0,0,0,1,0.0
14-9-2025,15-9-2025,65,3,1,0,1,1.0
14-9-2025,15-9-2025,66,0,0,0,1,0.0
14-9-2025,15-9-2025,67,0,0,0,1,0.0
14-9-2025,15-9-2025,68,4,0,0,1,0.0
14-9-2025,15-9-2025,69,3,0,0,1,0.0
14-9-2025,15-9-2025,70,1,1,0,1,1.0
14-9-2025,15-9-2025,71,1,0,0,1,0.0
14-9-2025,15-9-2025,72,0,0,0,1,0.0
14-9-2025,15-9-2025,73,1,0,0,1,0.0
14-9-2025,15-9-2025,74,3,1,0,1,0.0
14-9-2025,15-9-2025,75,1,1,1,1,0.0
14-9-2025,15-9-2025,76,1,1,1,1,0.0
14-9-2025,15-9-2025,77,1,0,0,1,0.0
14-9-2025,15-9-2025,78,1,0,0,1,0.0
14-9-2025,15-9-2025,79,0,0,0,1,0.0
14-9-2025,15-9-2025,80,1,1,1,1,0.0
14-9-2025,15-9-2025,81,2,0,0,1,0.0
14-9-2025,15-9-2025,82,3,1,1,1,1.0
14-9-2025,15-9-2025,83,5,0,0,1,0.0
14-9-2025,15-9-2025,84,3,0,0,1,1.0
14-9-2025,15-9-2025,85,2,1,0,1,0.0
14-9-2025,15-9-2025,86,2,0,0,1,1.0
14-9-2025,15-9-2025,87,2,0,1,1,0.0
14-9-2025,15-9-2025,88,2,0,0,1,1.0
14-9-2025,15-9-2025,89,2,1,0,1,0.0
14-9-2025,15-9-2025,90,1,0,0,1,0.0
14-9-2025,15-9-2025,91,0,0,0,1,1.0
14-9-2025,15-9-2025,92,2,1,0,1,0.0
14-9-2025,15-9-2025,93,2,1,0,1,0.0
14-9-2025,15-9-2025,94,0,0,0,1,0.0
14-9-2025,15-9-2025,95,1,0,1,1,1.0
14-9-2025,15-9-2025,96,1,0,0,1,0.0
14-9-2025,15-9-2025,97,2,1,0,1,0.0
14-9-2025,15-9-2025,98,2,0,0,1,0.0
14-9-2025,15-9-2025,99,0,0,1,1,1.0
15-9-2025,16-9-2025,00,0,0,0,1,1.0
15-9-2025,16-9-2025,01,4,0,0,1,0.0
15-9-2025,16-9-2025,02,3,0,1,1,0.0
15-9-2025,16-9-2025,03,1,0,1,1,0.0
15-9-2025,16-9-2025,04,1,0,0,1,0.0
15-9-2025,16-9-2025,05,2,0,0,1,1.0
15-9-2025,16-9-2025,06,0,0,0,1,0.0
15-9-2025,16-9-2025,07,0,0,0,1,0.0
15-9-2025,16-9-2025,08,0,0,0,1,0.0
15-9-2025,16-9-2025,09,1,0,0,1,0.0
15-9-2025,16-9-2025,10,1,0,0,1,0.0
15-9-2025,16-9-2025,11,2,0,1,1,1.0
15-9-2025,16-9-2025,12,2,0,0,1,1.0
15-9-2025,16-9-2025,13,1,0,0,1,0.0
15-9-2025,16-9-2025,14,4,0,1,1,0.0
15-9-2025,16-9-2025,15,0,0,0,1,0.0
15-9-2025,16-9-2025,16,1,0,1,1,0.0
15-9-2025,16-9-2025,17,3,0,0,1,0.0
15-9-2025,16-9-2025,18,2,0,0,1,0.0
15-9-2025,16-9-2025,19,1,0,0,1,0.0
15-9-2025,16-9-2025,20,2,0,0,1,1.0
15-9-2025,16-9-2025,21,1,0,1,1,1.0
15-9-2025,16-9-2025,22,1,0,0,1,1.0
15-9-2025,16-9-2025,23,3,0,0,1,0.0
15-9-2025,16-9-2025,24,3,0,0,1,0.0
15-9-2025,16-9-2025,25,2,0,0,1,1.0
15-9-2025,16-9-2025,26,3,0,0,1,1.0
15-9-2025,16-9-2025,27,0,0,0,1,1.0
15-9-2025,16-9-2025,28,2,0,0,1,0.0
15-9-2025,16-9-2025,29,2,0,0,1,1.0
15-9-2025,16-9-2025,30,1,0,0,1,1.0
15-9-2025,16-9-2025,31,2,0,0,1,0.0
15-9-2025,16-9-2025,32,2,0,0,1,0.0
15-9-2025,16-9-2025,33,1,0,1,1,1.0
15-9-2025,16-9-2025,34,3,0,0,1,0.0
15-9-2025,16-9-2025,35,0,0,0,1,0.0
15-9-2025,16-9-2025,36,1,0,0,1,1.0
15-9-2025,16-9-2025,37,1,0,0,1,0.0
15-9-2025,16-9-2025,38,2,0,0,1,0.0
15-9-2025,16-9-2025,39,2,0,1,1,0.0
15-9-2025,16-9-2025,40,1,0,1,1,0.0
15-9-2025,16-9-2025,41,0,0,0,1,0.0
15-9-2025,16-9-2025,42,2,0,1,1,0.0
15-9-2025,16-9-2025,43,3,0,1,1,0.0
15-9-2025,16-9-2025,44,0,0,1,1,0.0
15-9-2025,16-9-2025,45,0,0,0,1,1.0
15-9-2025,16-9-2025,46,1,0,0,1,0.0
15-9-2025,16-9-2025,47,1,0,0,1,0.0
15-9-2025,16-9-2025,48,2,0,0,1,0.0
15-9-2025,16-9-2025,49,2,0,0,1,0.0
15-9-2025,16-9-2025,50,3,0,0,1,0.0
15-9-2025,16-9-2025,51,3,0,0,1,1.0
15-9-2025,16-9-2025,52,1,0,0,1,1.0
15-9-2025,16-9-2025,53,3,0,0,1,0.0
15-9-2025,16-9-2025,54,2,0,0,1,0.0
15-9-2025,16-9-2025,55,0,0,1,1,0.0
15-9-2025,16-9-2025,56,1,0,0,1,0.0
15-9-2025,16-9-2025,57,1,0,0,1,0.0
15-9-2025,16-9-2025,58,1,0,1,1,0.0
15-9-2025,16-9-2025,59,1,0,0,1,0.0
15-9-2025,16-9-2025,60,2,0,0,1,0.0
15-9-2025,16-9-2025,61,0,0,0,1,0.0
15-9-2025,16-9-2025,62,2,0,0,1,0.0
15-9-2025,16-9-2025,63,2,0,0,1,0.0
15-9-2025,16-9-2025,64,0,0,0,1,0.0
15-9-2025,16-9-2025,65,3,0,0,1,0.0
15-9-2025,16-9-2025,66,0,0,0,1,0.0
15-9-2025,16-9-2025,67,0,0,0,1,0.0
15-9-2025,16-9-2025,68,3,0,0,1,1.0
15-9-2025,16-9-2025,69,2,0,0,1,0.0
15-9-2025,16-9-2025,70,1,0,0,1,1.0
15-9-2025,16-9-2025,71,1,0,0,1,1.0
15-9-2025,16-9-2025,72,0,0,0,1,1.0
15-9-2025,16-9-2025,73,1,0,0,1,0.0
15-9-2025,16-9-2025,74,3,0,0,1,0.0
15-9-2025,16-9-2025,75,1,0,1,1,0.0
15-9-2025,16-9-2025,76,1,0,1,1,0.0
15-9-2025,16-9-2025,77,0,0,0,1,0.0
15-9-2025,16-9-2025,78,1,0,0,1,0.0
15-9-2025,16-9-2025,79,0,0,0,1,1.0
15-9-2025,16-9-2025,80,1,0,1,1,0.0
15-9-2025,16-9-2025,81,2,0,0,1,0.0
15-9-2025,16-9-2025,82,3,0,1,1,0.0
15-9-2025,16-9-2025,83,4,0,0,1,0.0
15-9-2025,16-9-2025,84,3,0,0,1,0.0
15-9-2025,16-9-2025,85,2,0,0,1,0.0
15-9-2025,16-9-2025,86,2,0,0,1,0.0
15-9-2025,16-9-2025,87,2,0,1,1,1.0
15-9-2025,16-9-2025,88,1,0,0,1,0.0
15-9-2025,16-9-2025,89,2,0,0,1,1.0
15-9-2025,16-9-2025,90,1,0,0,1,0.0
15-9-2025,16-9-2025,91,0,0,0,1,1.0
15-9-2025,16-9-2025,92,2,0,0,1,1.0
15-9-2025,16-9-2025,93,2,0,0,1,0.0
15-9-2025,16-9-2025,94,0,0,0,1,0.0
15-9-2025,16-9-2025,95,1,0,1,1,0.0
15-9-2025,16-9-2025,96,1,0,0,1,1.0
15-9-2025,16-9-2025,97,1,0,0,1,0.0
15-9-2025,16-9-2025,98,1,0,0,1,0.0
15-9-2025,16-9-2025,99,0,0,1,1,0.0
16-9-2025,17-9-2025,00,1,1,0,1,1.0
16-9-2025,17-9-2025,01,5,1,0,1,1.0
16-9-2025,17-9-2025,02,3,0,1,1,0.0
16-9-2025,17-9-2025,03,1,0,1,1,0.0
16-9-2025,17-9-2025,04,1,0,0,1,0.0
16-9-2025,17-9-2025,05,2,0,0,1,1.0
16-9-2025,17-9-2025,06,0,0,0,1,0.0
16-9-2025,17-9-2025,07,1,1,0,1,0.0
16-9-2025,17-9-2025,08,0,0,0,1,1.0
16-9-2025,17-9-2025,09,1,0,0,1,0.0
16-9-2025,17-9-2025,10,1,0,0,1,0.0
16-9-2025,17-9-2025,11,1,0,1,1,0.0
16-9-2025,17-9-2025,12,1,0,0,1,0.0
16-9-2025,17-9-2025,13,0,0,0,1,1.0
16-9-2025,17-9-2025,14,3,0,1,1,1.0
16-9-2025,17-9-2025,15,0,0,0,1,0.0
16-9-2025,17-9-2025,16,2,1,1,1,0.0
16-9-2025,17-9-2025,17,2,0,0,1,0.0
16-9-2025,17-9-2025,18,2,0,0,1,1.0
16-9-2025,17-9-2025,19,2,1,0,1,0.0
16-9-2025,17-9-2025,20,1,0,0,1,0.0
16-9-2025,17-9-2025,21,1,0,1,1,0.0
16-9-2025,17-9-2025,22,2,1,0,1,1.0
16-9-2025,17-9-2025,23,3,0,0,1,1.0
16-9-2025,17-9-2025,24,3,1,0,1,0.0
16-9-2025,17-9-2025,25,2,0,0,1,0.0
16-9-2025,17-9-2025,26,3,1,0,1,0.0
16-9-2025,17-9-2025,27,1,1,0,1,0.0
16-9-2025,17-9-2025,28,2,0,0,1,0.0
16-9-2025,17-9-2025,29,2,0,0,1,0.0
16-9-2025,17-9-2025,30,1,0,0,1,1.0
16-9-2025,17-9-2025,31,3,1,0,1,0.0
16-9-2025,17-9-2025,32,2,1,0,1,0.0
16-9-2025,17-9-2025,33,2,1,1,1,0.0
16-9-2025,17-9-2025,34,2,0,0,1,1.0
16-9-2025,17-9-2025,35,0,0,0,1,0.0
16-9-2025,17-9-2025,36,1,0,0,1,0.0
16-9-2025,17-9-2025,37,1,1,0,1,0.0
16-9-2025,17-9-2025,38,2,0,0,1,0.0
16-9-2025,17-9-2025,39,1,0,1,1,0.0
16-9-2025,17-9-2025,40,1,0,1,1,0.0
16-9-2025,17-9-2025,41,0,0,0,1,1.0
16-9-2025,17-9-2025,42,1,0,1,1,1.0
16-9-2025,17-9-2025,43,3,0,1,1,0.0
16-9-2025,17-9-2025,44,1,1,1,1,1.0
16-9-2025,17-9-2025,45,0,0,0,1,0.0
16-9-2025,17-9-2025,46,2,1,0,1,0.0
16-9-2025,17-9-2025,47,1,0,0,1,0.0
16-9-2025,17-9-2025,48,2,0,0,1,0.0
16-9-2025,17-9-2025,49,2,0,0,1,0.0
16-9-2025,17-9-2025,50,3,0,0,1,0.0
16-9-2025,17-9-2025,51,3,0,0,1,1.0
16-9-2025,17-9-2025,52,0,0,0,1,0.0
16-9-2025,17-9-2025,53,3,0,0,1,0.0
16-9-2025,17-9-2025,54,2,0,0,1,0.0
16-9-2025,17-9-2025,55,0,0,1,1,0.0
16-9-2025,17-9-2025,56,1,0,0,1,1.0
16-9-2025,17-9-2025,57,1,0,0,1,0.0
16-9-2025,17-9-2025,58,2,1,1,1,0.0
16-9-2025,17-9-2025,59,1,0,0,1,0.0
16-9-2025,17-9-2025,60,3,1,0,1,0.0
16-9-2025,17-9-2025,61,0,0,0,1,0.0
16-9-2025,17-9-2025,62,2,0,0,1,0.0
16-9-2025,17-9-2025,63,1,0,0,1,1.0
16-9-2025,17-9-2025,64,0,0,0,1,1.0
16-9-2025,17-9-2025,65,3,1,0,1,0.0
16-9-2025,17-9-2025,66,0,0,0,1,0.0
16-9-2025,17-9-2025,67,0,0,0,1,1.0
16-9-2025,17-9-2025,68,2,0,0,1,0.0
16-9-2025,17-9-2025,69,1,0,0,1,0.0
16-9-2025,17-9-2025,70,2,1,0,1,0.0
16-9-2025,17-9-2025,71,0,0,0,1,0.0
16-9-2025,17-9-2025,72,0,0,0,1,0.0
16-9-2025,17-9-2025,73,1,0,0,1,0.0
16-9-2025,17-9-2025,74,2,0,0,1,0.0
16-9-2025,17-9-2025,75,1,0,1,1,0.0
16-9-2025,17-9-2025,76,1,0,1,1,0.0
16-9-2025,17-9-2025,77,0,0,0,1,0.0
16-9-2025,17-9-2025,78,1,0,0,1,1.0
16-9-2025,17-9-2025,79,0,0,0,1,0.0
16-9-2025,17-9-2025,80,1,0,1,1,1.0
16-9-2025,17-9-2025,81,2,0,0,1,0.0
16-9-2025,17-9-2025,82,4,1,1,1,0.0
16-9-2025,17-9-2025,83,3,0,0,1,0.0
16-9-2025,17-9-2025,84,3,1,0,1,0.0
16-9-2025,17-9-2025,85,2,0,0,1,0.0
16-9-2025,17-9-2025,86,3,1,0,1,0.0
16-9-2025,17-9-2025,87,1,0,1,1,0.0
16-9-2025,17-9-2025,88,2,1,0,1,0.0
16-9-2025,17-9-2025,89,2,0,0,1,1.0
16-9-2025,17-9-2025,90,1,0,0,1,0.0
16-9-2025,17-9-2025,91,1,1,0,1,0.0
16-9-2025,17-9-2025,92,2,0,0,1,0.0
16-9-2025,17-9-2025,93,1,0,0,1,0.0
16-9-2025,17-9-2025,94,0,0,0,1,0.0
16-9-2025,17-9-2025,95,2,1,1,1,0.0
16-9-2025,17-9-2025,96,1,0,0,1,0.0
16-9-2025,17-9-2025,97,1,0,0,1,0.0
16-9-2025,17-9-2025,98,1,0,0,1,0.0
16-9-2025,17-9-2025,99,1,1,1,1,0.0
17-9-2025,18-9-2025,00,2,1,0,1,1.0
17-9-2025,18-9-2025,01,4,0,0,1,0.0
17-9-2025,18-9-2025,02,3,0,1,1,1.0
17-9-2025,18-9-2025,03,1,0,1,1,0.0
17-9-2025,18-9-2025,04,1,0,0,1,0.0
17-9-2025,18-9-2025,05,3,1,0,1,1.0
17-9-2025,18-9-2025,06,0,0,0,1,0.0
17-9-2025,18-9-2025,07,1,0,0,1,0.0
17-9-2025,18-9-2025,08,0,0,0,1,0.0
17-9-2025,18-9-2025,09,1,0,0,1,1.0
17-9-2025,18-9-2025,10,0,0,0,1,0.0
17-9-2025,18-9-2025,11,2,1,1,1,1.0
17-9-2025,18-9-2025,12,2,1,0,1,0.0
17-9-2025,18-9-2025,13,0,0,0,1,1.0
17-9-2025,18-9-2025,14,3,0,1,1,0.0
17-9-2025,18-9-2025,15,0,0,0,1,0.0
17-9-2025,18-9-2025,16,2,0,1,1,0.0
17-9-2025,18-9-2025,17,2,0,0,1,0.0
17-9-2025,18-9-2025,18,2,0,0,1,1.0
17-9-2025,18-9-2025,19,2,0,0,1,0.0
17-9-2025,18-9-2025,20,2,1,0,1,0.0
17-9-2025,18-9-2025,21,2,1,1,1,0.0
17-9-2025,18-9-2025,22,3,1,0,1,0.0
17-9-2025,18-9-2025,23,2,0,0,1,1.0
17-9-2025,18-9-2025,24,3,0,0,1,0.0
17-9-2025,18-9-2025,25,2,1,0,1,0.0
17-9-2025,18-9-2025,26,4,1,0,1,0.0
17-9-2025,18-9-2025,27,2,1,0,1,0.0
17-9-2025,18-9-2025,28,2,0,0,1,0.0
17-9-2025,18-9-2025,29,3,1,0,1,0.0
17-9-2025,18-9-2025,30,1,1,0,1,1.0
17-9-2025,18-9-2025,31,3,0,0,1,0.0
17-9-2025,18-9-2025,32,2,0,0,1,0.0
17-9-2025,18-9-2025,33,3,1,1,1,0.0
17-9-2025,18-9-2025,34,2,0,0,1,0.0
17-9-2025,18-9-2025,35,0,0,0,1,0.0
17-9-2025,18-9-2025,36,2,1,0,1,0.0
17-9-2025,18-9-2025,37,1,0,0,1,0.0
17-9-2025,18-9-2025,38,2,0,0,1,0.0
17-9-2025,18-9-2025,39,1,0,1,1,0.0
17-9-2025,18-9-2025,40,1,0,1,1,0.0
17-9-2025,18-9-2025,41,0,0,0,1,0.0
17-9-2025,18-9-2025,42,0,0,1,1,0.0
17-9-2025,18-9-2025,43,2,0,1,1,0.0
17-9-2025,18-9-2025,44,1,0,1,1,0.0
17-9-2025,18-9-2025,45,1,1,0,1,0.0
17-9-2025,18-9-2025,46,2,0,0,1,1.0
17-9-2025,18-9-2025,47,1,0,0,1,0.0
17-9-2025,18-9-2025,48,2,0,0,1,0.0
17-9-2025,18-9-2025,49,1,0,0,1,0.0
17-9-2025,18-9-2025,50,3,0,0,1,1.0
17-9-2025,18-9-2025,51,3,1,0,1,0.0
17-9-2025,18-9-2025,52,1,1,0,1,0.0
17-9-2025,18-9-2025,53,2,0,0,1,0.0
17-9-2025,18-9-2025,54,1,0,0,1,0.0
17-9-2025,18-9-2025,55,0,0,1,1,1.0
17-9-2025,18-9-2025,56,1,0,0,1,0.0
17-9-2025,18-9-2025,57,1,0,0,1,0.0
17-9-2025,18-9-2025,58,2,0,1,1,0.0
17-9-2025,18-9-2025,59,0,0,0,1,1.0
17-9-2025,18-9-2025,60,2,0,0,1,0.0
17-9-2025,18-9-2025,61,0,0,0,1,0.0
17-9-2025,18-9-2025,62,1,0,0,1,0.0
17-9-2025,18-9-2025,63,0,0,0,1,0.0
17-9-2025,18-9-2025,64,0,0,0,1,0.0
17-9-2025,18-9-2025,65,3,0,0,1,1.0
17-9-2025,18-9-2025,66,0,0,0,1,0.0
17-9-2025,18-9-2025,67,0,0,0,1,0.0
17-9-2025,18-9-2025,68,2,1,0,1,0.0
17-9-2025,18-9-2025,69,0,0,0,1,1.0
17-9-2025,18-9-2025,70,3,1,0,1,1.0
17-9-2025,18-9-2025,71,1,1,0,1,1.0
17-9-2025,18-9-2025,72,1,1,0,1,0.0
17-9-2025,18-9-2025,73,1,0,0,1,1.0
17-9-2025,18-9-2025,74,2,0,0,1,1.0
17-9-2025,18-9-2025,75,1,0,1,1,1.0
17-9-2025,18-9-2025,76,1,0,1,1,1.0
17-9-2025,18-9-2025,77,0,0,0,1,0.0
17-9-2025,18-9-2025,78,1,0,0,1,0.0
17-9-2025,18-9-2025,79,1,1,0,1,0.0
17-9-2025,18-9-2025,80,1,0,1,1,0.0
17-9-2025,18-9-2025,81,1,0,0,1,0.0
17-9-2025,18-9-2025,82,3,0,1,1,1.0
17-9-2025,18-9-2025,83,2,0,0,1,0.0
17-9-2025,18-9-2025,84,2,0,0,1,0.0
17-9-2025,18-9-2025,85,1,0,0,1,0.0
17-9-2025,18-9-2025,86,3,0,0,1,0.0
17-9-2025,18-9-2025,87,1,1,1,1,0.0
17-9-2025,18-9-2025,88,1,0,0,1,1.0
17-9-2025,18-9-2025,89,3,1,0,1,1.0
17-9-2025,18-9-2025,90,0,0,0,1,0.0
17-9-2025,18-9-2025,91,2,1,0,1,0.0
17-9-2025,18-9-2025,92,3,1,0,1,0.0
17-9-2025,18-9-2025,93,1,0,0,1,1.0
17-9-2025,18-9-2025,94,0,0,0,1,0.0
17-9-2025,18-9-2025,95,2,0,1,1,0.0
17-9-2025,18-9-2025,96,2,1,0,1,0.0
17-9-2025,18-9-2025,97,1,0,0,1,0.0
17-9-2025,18-9-2025,98,0,0,0,1,0.0
17-9-2025,18-9-2025,99,1,0,1,1,0.0
18-9-2025,19-9-2025,00,3,1,0,1,0.0
18-9-2025,19-9-2025,01,5,1,0,1,0.0
18-9-2025,19-9-2025,02,2,0,1,1,0.0
18-9-2025,19-9-2025,03,1,0,1,1,0.0
18-9-2025,19-9-2025,04,1,0,0,1,0.0
18-9-2025,19-9-2025,05,3,1,0,1,0.0
18-9-2025,19-9-2025,06,0,0,0,1,0.0
18-9-2025,19-9-2025,07,1,0,0,1,0.0
18-9-2025,19-9-2025,08,1,1,0,1,0.0
18-9-2025,19-9-2025,09,1,0,0,1,0.0
18-9-2025,19-9-2025,10,0,0,0,1,0.0
18-9-2025,19-9-2025,11,2,0,1,1,0.0
18-9-2025,19-9-2025,12,2,0,0,1,0.0
18-9-2025,19-9-2025,13,1,1,0,1,1.0
18-9-2025,19-9-2025,14,3,1,1,1,0.0
18-9-2025,19-9-2025,15,0,0,0,1,0.0
18-9-2025,19-9-2025,16,1,0,1,1,0.0
18-9-2025,19-9-2025,17,1,0,0,1,0.0
18-9-2025,19-9-2025,18,2,1,0,1,0.0
18-9-2025,19-9-2025,19,2,0,0,1,1.0
18-9-2025,19-9-2025,20,2,0,0,1,0.0
18-9-2025,19-9-2025,21,2,0,1,1,0.0
18-9-2025,19-9-2025,22,4,1,0,1,1.0
18-9-2025,19-9-2025,23,2,1,0,1,1.0
18-9-2025,19-9-2025,24,2,0,0,1,1.0
18-9-2025,19-9-2025,25,1,0,0,1,0.0
18-9-2025,19-9-2025,26,4,0,0,1,0.0
18-9-2025,19-9-2025,27,2,0,0,1,0.0
18-9-2025,19-9-2025,28,2,0,0,1,1.0
18-9-2025,19-9-2025,29,3,0,0,1,0.0
18-9-2025,19-9-2025,30,2,1,0,1,0.0
18-9-2025,19-9-2025,31,2,0,0,1,0.0
18-9-2025,19-9-2025,32,2,0,0,1,0.0
18-9-2025,19-9-2025,33,2,0,1,1,0.0
18-9-2025,19-9-2025,34,2,1,0,1,0.0
18-9-2025,19-9-2025,35,0,0,0,1,0.0
18-9-2025,19-9-2025,36,2,0,0,1,0.0
18-9-2025,19-9-2025,37,1,0,0,1,0.0
18-9-2025,19-9-2025,38,2,0,0,1,1.0
18-9-2025,19-9-2025,39,0,0,1,1,0.0
18-9-2025,19-9-2025,40,0,0,1,1,0.0
18-9-2025,19-9-2025,41,1,1,0,1,0.0
18-9-2025,19-9-2025,42,1,1,1,1,1.0
18-9-2025,19-9-2025,43,2,0,1,1,1.0
18-9-2025,19-9-2025,44,2,1,1,1,0.0
18-9-2025,19-9-2025,45,1,0,0,1,1.0
18-9-2025,19-9-2025,46,2,0,0,1,1.0
18-9-2025,19-9-2025,47,0,0,0,1,1.0
18-9-2025,19-9-2025,48,1,0,0,1,0.0
18-9-2025,19-9-2025,49,1,0,0,1,0.0
18-9-2025,19-9-2025,50,3,0,0,1,0.0
18-9-2025,19-9-2025,51,4,1,0,1,0.0
18-9-2025,19-9-2025,52,1,0,0,1,0.0
18-9-2025,19-9-2025,53,2,0,0,1,1.0
18-9-2025,19-9-2025,54,0,0,0,1,0.0
18-9-2025,19-9-2025,55,0,0,1,1,0.0
18-9-2025,19-9-2025,56,2,1,0,1,1.0
18-9-2025,19-9-2025,57,1,0,0,1,1.0
18-9-2025,19-9-2025,58,2,0,1,1,0.0
18-9-2025,19-9-2025,59,0,0,0,1,0.0
18-9-2025,19-9-2025,60,2,0,0,1,0.0
18-9-2025,19-9-2025,61,0,0,0,1,0.0
18-9-2025,19-9-2025,62,0,0,0,1,1.0
18-9-2025,19-9-2025,63,1,1,0,1,0.0
18-9-2025,19-9-2025,64,1,1,0,1,1.0
18-9-2025,19-9-2025,65,3,0,0,1,0.0
18-9-2025,19-9-2025,66,0,0,0,1,1.0
18-9-2025,19-9-2025,67,1,1,0,1,0.0
18-9-2025,19-9-2025,68,2,0,0,1,0.0
18-9-2025,19-9-2025,69,0,0,0,1,0.0
18-9-2025,19-9-2025,70,3,0,0,1,0.0
18-9-2025,19-9-2025,71,1,0,0,1,0.0
18-9-2025,19-9-2025,72,1,0,0,1,0.0
18-9-2025,19-9-2025,73,1,0,0,1,0.0
18-9-2025,19-9-2025,74,2,0,0,1,0.0
18-9-2025,19-9-2025,75,1,0,1,1,0.0
18-9-2025,19-9-2025,76,1,0,1,1,0.0
18-9-2025,19-9-2025,77,0,0,0,1,1.0
18-9-2025,19-9-2025,78,1,1,0,1,1.0
18-9-2025,19-9-2025,79,1,0,0,1,1.0
18-9-2025,19-9-2025,80,2,1,1,1,0.0
18-9-2025,19-9-2025,81,0,0,0,1,0.0
18-9-2025,19-9-2025,82,2,0,1,1,0.0
18-9-2025,19-9-2025,83,2,0,0,1,1.0
18-9-2025,19-9-2025,84,2,0,0,1,0.0
18-9-2025,19-9-2025,85,1,0,0,1,0.0
18-9-2025,19-9-2025,86,3,0,0,1,0.0
18-9-2025,19-9-2025,87,1,0,1,1,0.0
18-9-2025,19-9-2025,88,1,0,0,1,0.0
18-9-2025,19-9-2025,89,4,1,0,1,0.0
18-9-2025,19-9-2025,90,0,0,0,1,0.0
18-9-2025,19-9-2025,91,2,0,0,1,0.0
18-9-2025,19-9-2025,92,3,0,0,1,0.0
18-9-2025,19-9-2025,93,1,0,0,1,0.0
18-9-2025,19-9-2025,94,0,0,0,1,0.0
18-9-2025,19-9-2025,95,1,0,1,1,1.0
18-9-2025,19-9-2025,96,2,0,0,1,0.0
18-9-2025,19-9-2025,97,1,0,0,1,0.0
18-9-2025,19-9-2025,98,0,0,0,1,0.0
18-9-2025,19-9-2025,99,1,0,1,1,1.0
19-9-2025,20-9-2025,00,4,1,0,1,0.0
19-9-2025,20-9-2025,01,4,0,0,1,0.0
19-9-2025,20-9-2025,02,2,1,1,1,0.0
19-9-2025,20-9-2025,03,1,0,1,1,0.0
19-9-2025,20-9-2025,04,1,0,0,1,0.0
19-9-2025,20-9-2025,05,4,1,0,1,0.0
19-9-2025,20-9-2025,06,0,0,0,1,0.0
19-9-2025,20-9-2025,07,1,0,0,1,0.0
19-9-2025,20-9-2025,08,1,0,0,1,0.0
19-9-2025,20-9-2025,09,1,1,0,1,0.0
19-9-2025,20-9-2025,10,0,0,0,1,0.0
19-9-2025,20-9-2025,11,3,1,1,1,0.0
19-9-2025,20-9-2025,12,1,0,0,1,0.0
19-9-2025,20-9-2025,13,2,1,0,1,0.0
19-9-2025,20-9-2025,14,3,0,1,1,1.0
19-9-2025,20-9-2025,15,0,0,0,1,0.0
19-9-2025,20-9-2025,16,1,0,1,1,0.0
19-9-2025,20-9-2025,17,0,0,0,1,0.0
19-9-2025,20-9-2025,18,3,1,0,1,0.0
19-9-2025,20-9-2025,19,1,0,0,1,0.0
19-9-2025,20-9-2025,20,2,0,0,1,0.0
19-9-2025,20-9-2025,21,2,0,1,1,0.0
19-9-2025,20-9-2025,22,4,0,0,1,0.0
19-9-2025,20-9-2025,23,3,1,0,1,1.0
19-9-2025,20-9-2025,24,2,0,0,1,0.0
19-9-2025,20-9-2025,25,1,0,0,1,0.0
19-9-2025,20-9-2025,26,3,0,0,1,0.0
19-9-2025,20-9-2025,27,2,0,0,1,0.0
19-9-2025,20-9-2025,28,2,0,0,1,1.0
19-9-2025,20-9-2025,29,2,0,0,1,0.0
19-9-2025,20-9-2025,30,3,1,0,1,0.0
19-9-2025,20-9-2025,31,2,0,0,1,0.0
19-9-2025,20-9-2025,32,1,0,0,1,0.0
19-9-2025,20-9-2025,33,2,0,1,1,0.0
19-9-2025,20-9-2025,34,2,0,0,1,1.0
19-9-2025,20-9-2025,35,0,0,0,1,0.0
19-9-2025,20-9-2025,36,1,0,0,1,0.0
19-9-2025,20-9-2025,37,1,0,0,1,1.0
19-9-2025,20-9-2025,38,2,0,0,1,0.0
19-9-2025,20-9-2025,39,0,0,1,1,1.0
19-9-2025,20-9-2025,40,0,0,1,1,1.0
19-9-2025,20-9-2025,41,1,0,0,1,1.0
19-9-2025,20-9-2025,42,1,0,1,1,1.0
19-9-2025,20-9-2025,43,1,0,1,1,0.0
19-9-2025,20-9-2025,44,2,0,1,1,0.0
19-9-2025,20-9-2025,45,1,0,0,1,1.0
19-9-2025,20-9-2025,46,3,1,0,1,0.0
19-9-2025,20-9-2025,47,0,0,0,1,0.0
19-9-2025,20-9-2025,48,1,0,0,1,0.0
19-9-2025,20-9-2025,49,1,0,0,1,0.0
19-9-2025,20-9-2025,50,3,1,0,1,0.0
19-9-2025,20-9-2025,51,4,0,0,1,0.0
19-9-2025,20-9-2025,52,1,0,0,1,0.0
19-9-2025,20-9-2025,53,1,0,0,1,0.0
19-9-2025,20-9-2025,54,0,0,0,1,0.0
19-9-2025,20-9-2025,55,1,1,1,1,1.0
19-9-2025,20-9-2025,56,1,0,0,1,0.0
19-9-2025,20-9-2025,57,1,0,0,1,0.0
19-9-2025,20-9-2025,58,1,0,1,1,0.0
19-9-2025,20-9-2025,59,1,1,0,1,0.0
19-9-2025,20-9-2025,60,1,0,0,1,1.0
19-9-2025,20-9-2025,61,0,0,0,1,0.0
19-9-2025,20-9-2025,62,0,0,0,1,1.0
19-9-2025,20-9-2025,63,1,0,0,1,0.0
19-9-2025,20-9-2025,64,1,0,0,1,0.0
19-9-2025,20-9-2025,65,4,1,0,1,0.0
19-9-2025,20-9-2025,66,0,0,0,1,1.0
19-9-2025,20-9-2025,67,1,0,0,1,1.0
19-9-2025,20-9-2025,68,1,0,0,1,1.0
19-9-2025,20-9-2025,69,1,1,0,1,1.0
19-9-2025,20-9-2025,70,4,1,0,1,0.0
19-9-2025,20-9-2025,71,2,1,0,1,0.0
19-9-2025,20-9-2025,72,1,0,0,1,0.0
19-9-2025,20-9-2025,73,1,1,0,1,1.0
19-9-2025,20-9-2025,74,3,1,0,1,1.0
19-9-2025,20-9-2025,75,2,1,1,1,0.0
19-9-2025,20-9-2025,76,2,1,1,1,1.0
19-9-2025,20-9-2025,77,0,0,0,1,0.0
19-9-2025,20-9-2025,78,1,0,0,1,0.0
19-9-2025,20-9-2025,79,1,0,0,1,0.0
19-9-2025,20-9-2025,80,2,0,1,1,0.0
19-9-2025,20-9-2025,81,0,0,0,1,0.0
19-9-2025,20-9-2025,82,3,1,1,1,0.0
19-9-2025,20-9-2025,83,1,0,0,1,1.0
19-9-2025,20-9-2025,84,2,0,0,1,0.0
19-9-2025,20-9-2025,85,1,0,0,1,0.0
19-9-2025,20-9-2025,86,2,0,0,1,1.0
19-9-2025,20-9-2025,87,1,0,1,1,0.0
19-9-2025,20-9-2025,88,2,1,0,1,0.0
19-9-2025,20-9-2025,89,4,1,0,1,0.0
19-9-2025,20-9-2025,90,0,0,0,1,1.0
19-9-2025,20-9-2025,91,2,0,0,1,1.0
19-9-2025,20-9-2025,92,2,0,0,1,1.0
19-9-2025,20-9-2025,93,2,1,0,1,0.0
19-9-2025,20-9-2025,94,0,0,0,1,1.0
19-9-2025,20-9-2025,95,1,0,1,1,0.0
19-9-2025,20-9-2025,96,1,0,0,1,0.0
19-9-2025,20-9-2025,97,1,0,0,1,0.0
19-9-2025,20-9-2025,98,0,0,0,1,0.0
19-9-2025,20-9-2025,99,1,0,1,1,0.0
20-9-2025,21-9-2025,00,4,0,0,1,0.0
20-9-2025,21-9-2025,01,3,0,0,1,0.0
20-9-2025,21-9-2025,02,2,0,1,1,0.0
20-9-2025,21-9-2025,03,0,0,1,1,1.0
20-9-2025,21-9-2025,04,1,0,0,1,0.0
20-9-2025,21-9-2025,05,3,0,0,1,0.0
20-9-2025,21-9-2025,06,0,0,0,1,0.0
20-9-2025,21-9-2025,07,1,0,0,1,0.0
20-9-2025,21-9-2025,08,1,0,0,1,0.0
20-9-2025,21-9-2025,09,1,0,0,1,1.0
20-9-2025,21-9-2025,10,0,0,0,1,0.0
20-9-2025,21-9-2025,11,3,0,1,1,0.0
20-9-2025,21-9-2025,12,1,0,0,1,0.0
20-9-2025,21-9-2025,13,3,1,0,1,1.0
20-9-2025,21-9-2025,14,2,0,1,1,0.0
20-9-2025,21-9-2025,15,0,0,0,1,1.0
20-9-2025,21-9-2025,16,1,0,1,1,1.0
20-9-2025,21-9-2025,17,0,0,0,1,0.0
20-9-2025,21-9-2025,18,2,0,0,1,0.0
20-9-2025,21-9-2025,19,2,1,0,1,0.0
20-9-2025,21-9-2025,20,1,0,0,1,0.0
20-9-2025,21-9-2025,21,1,0,1,1,0.0
20-9-2025,21-9-2025,22,4,1,0,1,0.0
20-9-2025,21-9-2025,23,3,1,0,1,0.0
20-9-2025,21-9-2025,24,3,1,0,1,1.0
20-9-2025,21-9-2025,25,1,0,0,1,1.0
20-9-2025,21-9-2025,26,2,0,0,1,0.0
20-9-2025,21-9-2025,27,2,0,0,1,0.0
20-9-2025,21-9-2025,28,2,1,0,1,1.0
20-9-2025,21-9-2025,29,2,0,0,1,0.0
20-9-2025,21-9-2025,30,3,0,0,1,1.0
20-9-2025,21-9-2025,31,1,0,0,1,0.0
20-9-2025,21-9-2025,32,1,0,0,1,0.0
20-9-2025,21-9-2025,33,2,0,1,1,0.0
20-9-2025,21-9-2025,34,2,0,0,1,0.0
20-9-2025,21-9-2025,35,0,0,0,1,0.0
20-9-2025,21-9-2025,36,1,0,0,1,0.0
20-9-2025,21-9-2025,37,1,0,0,1,0.0
20-9-2025,21-9-2025,38,2,1,0,1,0.0
20-9-2025,21-9-2025,39,0,0,1,1,1.0
20-9-2025,21-9-2025,40,0,0,1,1,0.0
20-9-2025,21-9-2025,41,1,0,0,1,0.0
20-9-2025,21-9-2025,42,2,1,1,1,0.0
20-9-2025,21-9-2025,43,1,1,1,1,1.0
20-9-2025,21-9-2025,44,2,0,1,1,1.0
20-9-2025,21-9-2025,45,2,1,0,1,0.0
20-9-2025,21-9-2025,46,3,1,0,1,0.0
20-9-2025,21-9-2025,47,1,1,0,1,0.0
20-9-2025,21-9-2025,48,0,0,0,1,0.0
20-9-2025,21-9-2025,49,0,0,0,1,0.0
20-9-2025,21-9-2025,50,2,0,0,1,0.0
20-9-2025,21-9-2025,51,3,0,0,1,0.0
20-9-2025,21-9-2025,52,1,0,0,1,0.0
20-9-2025,21-9-2025,53,2,1,0,1,0.0
20-9-2025,21-9-2025,54,0,0,0,1,0.0
20-9-2025,21-9-2025,55,1,0,1,1,0.0
20-9-2025,21-9-2025,56,2,1,0,1,0.0
20-9-2025,21-9-2025,57,2,1,0,1,0.0
20-9-2025,21-9-2025,58,1,0,1,1,0.0
20-9-2025,21-9-2025,59,1,0,0,1,0.0
20-9-2025,21-9-2025,60,1,0,0,1,0.0
20-9-2025,21-9-2025,61,0,0,0,1,1.0
20-9-2025,21-9-2025,62,1,1,0,1,0.0
20-9-2025,21-9-2025,63,1,0,0,1,0.0
20-9-2025,21-9-2025,64,2,1,0,1,0.0
20-9-2025,21-9-2025,65,3,0,0,1,0.0
20-9-2025,21-9-2025,66,1,1,0,1,0.0
20-9-2025,21-9-2025,67,1,0,0,1,0.0
20-9-2025,21-9-2025,68,1,0,0,1,0.0
20-9-2025,21-9-2025,69,1,0,0,1,0.0
20-9-2025,21-9-2025,70,4,0,0,1,0.0
20-9-2025,21-9-2025,71,2,0,0,1,1.0
20-9-2025,21-9-2025,72,1,0,0,1,0.0
20-9-2025,21-9-2025,73,1,0,0,1,0.0
20-9-2025,21-9-2025,74,2,0,0,1,1.0
20-9-2025,21-9-2025,75,2,0,1,1,1.0
20-9-2025,21-9-2025,76,2,0,1,1,0.0
20-9-2025,21-9-2025,77,1,1,0,1,0.0
20-9-2025,21-9-2025,78,2,1,0,1,0.0
20-9-2025,21-9-2025,79,2,1,0,1,0.0
20-9-2025,21-9-2025,80,2,0,1,1,0.0
20-9-2025,21-9-2025,81,0,0,0,1,0.0
20-9-2025,21-9-2025,82,3,0,1,1,1.0
20-9-2025,21-9-2025,83,1,1,0,1,1.0
20-9-2025,21-9-2025,84,1,0,0,1,0.0
20-9-2025,21-9-2025,85,1,0,0,1,0.0
20-9-2025,21-9-2025,86,1,0,0,1,0.0
20-9-2025,21-9-2025,87,1,0,1,1,1.0
20-9-2025,21-9-2025,88,2,0,0,1,1.0
20-9-2025,21-9-2025,89,4,0,0,1,0.0
20-9-2025,21-9-2025,90,0,0,0,1,0.0
20-9-2025,21-9-2025,91,2,0,0,1,0.0
20-9-2025,21-9-2025,92,2,0,0,1,0.0
20-9-2025,21-9-2025,93,2,0,0,1,1.0
20-9-2025,21-9-2025,94,0,0,0,1,1.0
20-9-2025,21-9-2025,95,2,1,1,1,0.0
20-9-2025,21-9-2025,96,1,0,0,1,1.0
20-9-2025,21-9-2025,97,1,0,0,1,1.0
20-9-2025,21-9-2025,98,0,0,0,1,0.0
20-9-2025,21-9-2025,99,2,1,1,1,0.0
21-9-2025,22-9-2025,00,4,0,0,1,0.0
21-9-2025,22-9-2025,01,2,0,0,1,1.0
21-9-2025,22-9-2025,02,1,0,1,1,0.0
21-9-2025,22-9-2025,03,0,0,1,1,0.0
21-9-2025,22-9-2025,04,0,0,0,1,1.0
21-9-2025,22-9-2025,05,3,0,0,1,0.0
21-9-2025,22-9-2025,06,0,0,0,1,0.0
21-9-2025,22-9-2025,07,1,0,0,1,0.0
21-9-2025,22-9-2025,08,1,0,0,1,0.0
21-9-2025,22-9-2025,09,1,0,0,1,1.0
21-9-2025,22-9-2025,10,0,0,0,1,1.0
21-9-2025,22-9-2025,11,2,0,1,1,0.0
21-9-2025,22-9-2025,12,1,0,0,1,0.0
21-9-2025,22-9-2025,13,3,0,0,1,0.0
21-9-2025,22-9-2025,14,2,1,1,1,1.0
21-9-2025,22-9-2025,15,0,0,0,1,0.0
21-9-2025,22-9-2025,16,1,0,1,1,1.0
21-9-2025,22-9-2025,17,0,0,0,1,0.0
21-9-2025,22-9-2025,18,2,0,0,1,0.0
21-9-2025,22-9-2025,19,2,0,0,1,0.0
21-9-2025,22-9-2025,20,1,0,0,1,1.0
21-9-2025,22-9-2025,21,1,0,1,1,0.0
21-9-2025,22-9-2025,22,4,0,0,1,0.0
21-9-2025,22-9-2025,23,4,1,0,1,0.0
21-9-2025,22-9-2025,24,2,0,0,1,0.0
21-9-2025,22-9-2025,25,1,0,0,1,0.0
21-9-2025,22-9-2025,26,2,0,0,1,0.0
21-9-2025,22-9-2025,27,2,0,0,1,0.0
21-9-2025,22-9-2025,28,2,1,0,1,0.0
21-9-2025,22-9-2025,29,1,0,0,1,0.0
21-9-2025,22-9-2025,30,3,0,0,1,1.0
21-9-2025,22-9-2025,31,1,0,0,1,0.0
21-9-2025,22-9-2025,32,1,0,0,1,0.0
21-9-2025,22-9-2025,33,2,0,1,1,0.0
21-9-2025,22-9-2025,34,2,1,0,1,1.0
21-9-2025,22-9-2025,35,0,0,0,1,0.0
21-9-2025,22-9-2025,36,1,0,0,1,0.0
21-9-2025,22-9-2025,37,2,1,0,1,0.0
21-9-2025,22-9-2025,38,1,0,0,1,1.0
21-9-2025,22-9-2025,39,1,1,1,1,1.0
21-9-2025,22-9-2025,40,1,1,1,1,0.0
21-9-2025,22-9-2025,41,2,1,0,1,0.0
21-9-2025,22-9-2025,42,3,1,1,1,0.0
21-9-2025,22-9-2025,43,1,0,1,1,1.0
21-9-2025,22-9-2025,44,2,0,1,1,0.0
21-9-2025,22-9-2025,45,3,1,0,1,0.0
21-9-2025,22-9-2025,46,3,0,0,1,0.0
21-9-2025,22-9-2025,47,1,0,0,1,0.0
21-9-2025,22-9-2025,48,0,0,0,1,0.0
21-9-2025,22-9-2025,49,0,0,0,1,0.0
21-9-2025,22-9-2025,50,1,0,0,1,1.0
21-9-2025,22-9-2025,51,2,0,0,1,0.0
21-9-2025,22-9-2025,52,1,0,0,1,0.0
21-9-2025,22-9-2025,53,1,0,0,1,1.0
21-9-2025,22-9-2025,54,0,0,0,1,0.0
21-9-2025,22-9-2025,55,2,1,1,1,0.0
21-9-2025,22-9-2025,56,2,0,0,1,0.0
21-9-2025,22-9-2025,57,1,0,0,1,0.0
21-9-2025,22-9-2025,58,1,0,1,1,1.0
21-9-2025,22-9-2025,59,1,0,0,1,0.0
21-9-2025,22-9-2025,60,2,1,0,1,0.0
21-9-2025,22-9-2025,61,0,0,0,1,1.0
21-9-2025,22-9-2025,62,2,1,0,1,0.0
21-9-2025,22-9-2025,63,1,0,0,1,0.0
21-9-2025,22-9-2025,64,2,0,0,1,0.0
21-9-2025,22-9-2025,65,2,0,0,1,1.0
21-9-2025,22-9-2025,66,2,1,0,1,0.0
21-9-2025,22-9-2025,67,2,1,0,1,0.0
21-9-2025,22-9-2025,68,2,1,0,1,0.0
21-9-2025,22-9-2025,69,2,1,0,1,1.0
21-9-2025,22-9-2025,70,3,0,0,1,1.0
21-9-2025,22-9-2025,71,2,0,0,1,0.0
21-9-2025,22-9-2025,72,1,0,0,1,0.0
21-9-2025,22-9-2025,73,2,1,0,1,0.0
21-9-2025,22-9-2025,74,2,1,0,1,0.0
21-9-2025,22-9-2025,75,1,0,1,1,0.0
21-9-2025,22-9-2025,76,2,1,1,1,0.0
21-9-2025,22-9-2025,77,1,0,0,1,0.0
21-9-2025,22-9-2025,78,2,0,0,1,0.0
21-9-2025,22-9-2025,79,2,0,0,1,0.0
21-9-2025,22-9-2025,80,1,0,1,1,0.0
21-9-2025,22-9-2025,81,0,0,0,1,0.0
21-9-2025,22-9-2025,82,2,0,1,1,0.0
21-9-2025,22-9-2025,83,2,1,0,1,0.0
21-9-2025,22-9-2025,84,1,0,0,1,0.0
21-9-2025,22-9-2025,85,0,0,0,1,0.0
21-9-2025,22-9-2025,86,2,1,0,1,1.0
21-9-2025,22-9-2025,87,1,0,1,1,0.0
21-9-2025,22-9-2025,88,2,0,0,1,0.0
21-9-2025,22-9-2025,89,3,0,0,1,1.0
21-9-2025,22-9-2025,90,1,1,0,1,0.0
21-9-2025,22-9-2025,91,3,1,0,1,0.0
21-9-2025,22-9-2025,92,2,1,0,1,0.0
21-9-2025,22-9-2025,93,1,0,0,1,0.0
21-9-2025,22-9-2025,94,1,1,0,1,1.0
21-9-2025,22-9-2025,95,2,0,1,1,1.0
21-9-2025,22-9-2025,96,1,0,0,1,0.0
21-9-2025,22-9-2025,97,0,0,0,1,0.0
21-9-2025,22-9-2025,98,0,0,0,1,0.0
21-9-2025,22-9-2025,99,2,0,1,1,1.0
22-9-2025,23-9-2025,00,4,0,0,1,0.0
22-9-2025,23-9-2025,01,2,0,0,1,0.0
22-9-2025,23-9-2025,02,1,0,1,1,1.0
22-9-2025,23-9-2025,03,1,1,1,1,1.0
22-9-2025,23-9-2025,04,0,0,0,1,0.0
22-9-2025,23-9-2025,05,3,0,0,1,0.0
22-9-2025,23-9-2025,06,0,0,0,1,0.0
22-9-2025,23-9-2025,07,1,0,0,1,0.0
22-9-2025,23-9-2025,08,1,0,0,1,0.0
22-9-2025,23-9-2025,09,2,1,0,1,1.0
22-9-2025,23-9-2025,10,0,0,0,1,0.0
22-9-2025,23-9-2025,11,2,0,1,1,1.0
22-9-2025,23-9-2025,12,1,0,0,1,1.0
22-9-2025,23-9-2025,13,4,1,0,1,0.0
22-9-2025,23-9-2025,14,2,0,1,1,1.0
22-9-2025,23-9-2025,15,1,1,0,1,0.0
22-9-2025,23-9-2025,16,2,1,1,1,1.0
22-9-2025,23-9-2025,17,0,0,0,1,0.0
22-9-2025,23-9-2025,18,2,0,0,1,0.0
22-9-2025,23-9-2025,19,2,0,0,1,0.0
22-9-2025,23-9-2025,20,1,0,0,1,0.0
22-9-2025,23-9-2025,21,1,0,1,1,0.0
22-9-2025,23-9-2025,22,4,0,0,1,0.0
22-9-2025,23-9-2025,23,4,0,0,1,0.0
22-9-2025,23-9-2025,24,3,1,0,1,0.0
22-9-2025,23-9-2025,25,2,1,0,1,0.0
22-9-2025,23-9-2025,26,2,0,0,1,0.0
22-9-2025,23-9-2025,27,2,0,0,1,0.0
22-9-2025,23-9-2025,28,3,1,0,1,0.0
22-9-2025,23-9-2025,29,1,0,0,1,0.0
22-9-2025,23-9-2025,30,4,1,0,1,0.0
22-9-2025,23-9-2025,31,1,0,0,1,1.0
22-9-2025,23-9-2025,32,1,0,0,1,0.0
22-9-2025,23-9-2025,33,2,0,1,1,0.0
22-9-2025,23-9-2025,34,2,0,0,1,0.0
22-9-2025,23-9-2025,35,0,0,0,1,1.0
22-9-2025,23-9-2025,36,1,0,0,1,0.0
22-9-2025,23-9-2025,37,2,0,0,1,1.0
22-9-2025,23-9-2025,38,1,0,0,1,0.0
22-9-2025,23-9-2025,39,2,1,1,1,1.0
22-9-2025,23-9-2025,40,1,0,1,1,1.0
22-9-2025,23-9-2025,41,2,0,0,1,0.0
22-9-2025,23-9-2025,42,3,0,1,1,0.0
22-9-2025,23-9-2025,43,2,1,1,1,1.0
22-9-2025,23-9-2025,44,3,1,1,1,0.0
22-9-2025,23-9-2025,45,3,0,0,1,0.0
22-9-2025,23-9-2025,46,3,0,0,1,0.0
22-9-2025,23-9-2025,47,1,0,0,1,0.0
22-9-2025,23-9-2025,48,0,0,0,1,0.0
22-9-2025,23-9-2025,49,0,0,0,1,1.0
22-9-2025,23-9-2025,50,1,0,0,1,0.0
22-9-2025,23-9-2025,51,2,0,0,1,0.0
22-9-2025,23-9-2025,52,1,0,0,1,0.0
22-9-2025,23-9-2025,53,1,0,0,1,0.0
22-9-2025,23-9-2025,54,0,0,0,1,0.0
22-9-2025,23-9-2025,55,2,0,1,1,0.0
22-9-2025,23-9-2025,56,2,0,0,1,0.0
22-9-2025,23-9-2025,57,1,0,0,1,1.0
22-9-2025,23-9-2025,58,1,0,1,1,1.0
22-9-2025,23-9-2025,59,1,0,0,1,0.0
22-9-2025,23-9-2025,60,2,0,0,1,0.0
22-9-2025,23-9-2025,61,1,1,0,1,0.0
22-9-2025,23-9-2025,62,2,0,0,1,0.0
22-9-2025,23-9-2025,63,1,0,0,1,0.0
22-9-2025,23-9-2025,64,2,0,0,1,0.0
22-9-2025,23-9-2025,65,2,0,0,1,1.0
22-9-2025,23-9-2025,66,2,0,0,1,0.0
22-9-2025,23-9-2025,67,2,0,0,1,0.0
22-9-2025,23-9-2025,68,2,0,0,1,1.0
22-9-2025,23-9-2025,69,2,0,0,1,0.0
22-9-2025,23-9-2025,70,3,0,0,1,0.0
22-9-2025,23-9-2025,71,3,1,0,1,0.0
22-9-2025,23-9-2025,72,1,0,0,1,0.0
22-9-2025,23-9-2025,73,2,0,0,1,1.0
22-9-2025,23-9-2025,74,3,1,0,1,0.0
22-9-2025,23-9-2025,75,2,1,1,1,1.0
22-9-2025,23-9-2025,76,2,0,1,1,0.0
22-9-2025,23-9-2025,77,1,0,0,1,1.0
22-9-2025,23-9-2025,78,2,0,0,1,0.0
22-9-2025,23-9-2025,79,2,0,0,1,0.0
22-9-2025,23-9-2025,80,1,0,1,1,0.0
22-9-2025,23-9-2025,81,0,0,0,1,0.0
22-9-2025,23-9-2025,82,3,1,1,1,1.0
22-9-2025,23-9-2025,83,3,1,0,1,0.0
22-9-2025,23-9-2025,84,1,0,0,1,0.0
22-9-2025,23-9-2025,85,0,0,0,1,0.0
22-9-2025,23-9-2025,86,2,0,0,1,0.0
22-9-2025,23-9-2025,87,2,1,1,1,0.0
22-9-2025,23-9-2025,88,3,1,0,1,1.0
22-9-2025,23-9-2025,89,3,0,0,1,0.0
22-9-2025,23-9-2025,90,1,0,0,1,0.0
22-9-2025,23-9-2025,91,3,0,0,1,0.0
22-9-2025,23-9-2025,92,2,0,0,1,0.0
22-9-2025,23-9-2025,93,2,1,0,1,0.0
22-9-2025,23-9-2025,94,2,1,0,1,0.0
22-9-2025,23-9-2025,95,2,0,1,1,1.0
22-9-2025,23-9-2025,96,2,1,0,1,0.0
22-9-2025,23-9-2025,97,1,1,0,1,0.0
22-9-2025,23-9-2025,98,0,0,0,1,0.0
22-9-2025,23-9-2025,99,2,0,1,1,1.0
23-9-2025,24-09-2025,00,2,0,0,1,
23-9-2025,24-09-2025,01,2,0,0,1,
23-9-2025,24-09-2025,02,2,1,1,1,
23-9-2025,24-09-2025,03,2,1,1,1,
23-9-2025,24-09-2025,04,1,0,0,1,
23-9-2025,24-09-2025,05,2,0,0,1,
23-9-2025,24-09-2025,06,0,0,0,1,
23-9-2025,24-09-2025,07,0,0,0,1,
23-9-2025,24-09-2025,08,1,0,0,1,
23-9-2025,24-09-2025,09,4,1,0,1,
23-9-2025,24-09-2025,10,1,0,0,1,
23-9-2025,24-09-2025,11,2,1,1,1,
23-9-2025,24-09-2025,12,1,1,0,1,
23-9-2025,24-09-2025,13,4,0,0,1,
23-9-2025,24-09-2025,14,4,1,1,1,
23-9-2025,24-09-2025,15,1,0,0,1,
23-9-2025,24-09-2025,16,3,1,1,1,
23-9-2025,24-09-2025,17,0,0,0,1,
23-9-2025,24-09-2025,18,2,0,0,1,
23-9-2025,24-09-2025,19,1,0,0,1,
23-9-2025,24-09-2025,20,1,0,0,1,
23-9-2025,24-09-2025,21,0,0,1,1,
23-9-2025,24-09-2025,22,2,0,0,1,
23-9-2025,24-09-2025,23,4,0,0,1,
23-9-2025,24-09-2025,24,2,0,0,1,
23-9-2025,24-09-2025,25,1,0,0,1,
23-9-2025,24-09-2025,26,0,0,0,1,
23-9-2025,24-09-2025,27,0,0,0,1,
23-9-2025,24-09-2025,28,3,0,0,1,
23-9-2025,24-09-2025,29,0,0,0,1,
23-9-2025,24-09-2025,30,4,0,0,1,
23-9-2025,24-09-2025,31,1,1,0,1,
23-9-2025,24-09-2025,32,0,0,0,1,
23-9-2025,24-09-2025,33,0,0,1,1,
23-9-2025,24-09-2025,34,3,0,0,1,
23-9-2025,24-09-2025,35,1,1,0,1,
23-9-2025,24-09-2025,36,0,0,0,1,
23-9-2025,24-09-2025,37,2,1,0,1,
23-9-2025,24-09-2025,38,2,0,0,1,
23-9-2025,24-09-2025,39,4,1,1,1,
23-9-2025,24-09-2025,40,2,1,1,1,
23-9-2025,24-09-2025,41,2,0,0,1,
23-9-2025,24-09-2025,42,3,0,1,1,
23-9-2025,24-09-2025,43,4,1,1,1,
23-9-2025,24-09-2025,44,2,0,1,1,
23-9-2025,24-09-2025,45,2,0,0,1,
23-9-2025,24-09-2025,46,2,0,0,1,
23-9-2025,24-09-2025,47,1,0,0,1,
23-9-2025,24-09-2025,48,0,0,0,1,
23-9-2025,24-09-2025,49,1,1,0,1,
23-9-2025,24-09-2025,50,2,0,0,1,
23-9-2025,24-09-2025,51,1,0,0,1,
23-9-2025,24-09-2025,52,0,0,0,1,
23-9-2025,24-09-2025,53,2,0,0,1,
23-9-2025,24-09-2025,54,0,0,0,1,
23-9-2025,24-09-2025,55,2,0,1,1,
23-9-2025,24-09-2025,56,2,0,0,1,
23-9-2025,24-09-2025,57,2,1,0,1,
23-9-2025,24-09-2025,58,2,1,1,1,
23-9-2025,24-09-2025,59,1,0,0,1,
23-9-2025,24-09-2025,60,1,0,0,1,
23-9-2025,24-09-2025,61,2,0,0,1,
23-9-2025,24-09-2025,62,2,0,0,1,
23-9-2025,24-09-2025,63,1,0,0,1,
23-9-2025,24-09-2025,64,2,0,0,1,
23-9-2025,24-09-2025,65,3,1,0,1,
23-9-2025,24-09-2025,66,2,0,0,1,
23-9-2025,24-09-2025,67,2,0,0,1,
23-9-2025,24-09-2025,68,2,1,0,1,
23-9-2025,24-09-2025,69,3,0,0,1,
23-9-2025,24-09-2025,70,2,0,0,1,
23-9-2025,24-09-2025,71,2,0,0,1,
23-9-2025,24-09-2025,72,0,0,0,1,
23-9-2025,24-09-2025,73,3,1,0,1,
23-9-2025,24-09-2025,74,3,0,0,1,
23-9-2025,24-09-2025,75,3,1,1,1,
23-9-2025,24-09-2025,76,2,0,1,1,
23-9-2025,24-09-2025,77,2,1,0,1,
23-9-2025,24-09-2025,78,2,0,0,1,
23-9-2025,24-09-2025,79,1,0,0,1,
23-9-2025,24-09-2025,80,1,0,1,1,
23-9-2025,24-09-2025,81,0,0,0,1,
23-9-2025,24-09-2025,82,3,1,1,1,
23-9-2025,24-09-2025,83,3,0,0,1,
23-9-2025,24-09-2025,84,0,0,0,1,
23-9-2025,24-09-2025,85,0,0,0,1,
23-9-2025,24-09-2025,86,2,0,0,1,
23-9-2025,24-09-2025,87,1,0,1,1,
23-9-2025,24-09-2025,88,3,1,0,1,
23-9-2025,24-09-2025,89,3,0,0,1,
23-9-2025,24-09-2025,90,1,0,0,1,
23-9-2025,24-09-2025,91,1,0,0,1,
23-9-2025,24-09-2025,92,1,0,0,1,
23-9-2025,24-09-2025,93,2,0,0,1,
23-9-2025,24-09-2025,94,3,0,0,1,
23-9-2025,24-09-2025,95,3,1,1,1,
23-9-2025,24-09-2025,96,1,0,0,1,
23-9-2025,24-09-2025,97,1,0,0,1,
23-9-2025,24-09-2025,98,0,0,0,1,
23-9-2025,24-09-2025,99,3,1,1,1,
